[
{
  "model": "contenttypes.contenttype",
  "pk": 1,
  "fields": {
    "app_label": "admin",
    "model": "logentry"
  }
},
{
  "model": "contenttypes.contenttype",
  "pk": 2,
  "fields": {
    "app_label": "auth",
    "model": "group"
  }
},
{
  "model": "contenttypes.contenttype",
  "pk": 3,
  "fields": {
    "app_label": "auth",
    "model": "permission"
  }
},
{
  "model": "contenttypes.contenttype",
  "pk": 4,
  "fields": {
    "app_label": "contenttypes",
    "model": "contenttype"
  }
},
{
  "model": "contenttypes.contenttype",
  "pk": 5,
  "fields": {
    "app_label": "sessions",
    "model": "session"
  }
},
{
  "model": "contenttypes.contenttype",
  "pk": 6,
  "fields": {
    "app_label": "main",
    "model": "frontendtest"
  }
},
{
  "model": "contenttypes.contenttype",
  "pk": 7,
  "fields": {
    "app_label": "main",
    "model": "project"
  }
},
{
  "model": "contenttypes.contenttype",
  "pk": 8,
  "fields": {
    "app_label": "main",
    "model": "report"
  }
},
{
  "model": "contenttypes.contenttype",
  "pk": 9,
  "fields": {
    "app_label": "main",
    "model": "lotrekuser"
  }
},
{
  "model": "contenttypes.contenttype",
  "pk": 10,
  "fields": {
    "app_label": "djcelery",
    "model": "periodictask"
  }
},
{
  "model": "contenttypes.contenttype",
  "pk": 11,
  "fields": {
    "app_label": "djcelery",
    "model": "intervalschedule"
  }
},
{
  "model": "contenttypes.contenttype",
  "pk": 12,
  "fields": {
    "app_label": "djcelery",
    "model": "crontabschedule"
  }
},
{
  "model": "contenttypes.contenttype",
  "pk": 13,
  "fields": {
    "app_label": "djcelery",
    "model": "periodictasks"
  }
},
{
  "model": "contenttypes.contenttype",
  "pk": 14,
  "fields": {
    "app_label": "djcelery",
    "model": "tasksetmeta"
  }
},
{
  "model": "contenttypes.contenttype",
  "pk": 15,
  "fields": {
    "app_label": "djcelery",
    "model": "taskstate"
  }
},
{
  "model": "contenttypes.contenttype",
  "pk": 16,
  "fields": {
    "app_label": "djcelery",
    "model": "workerstate"
  }
},
{
  "model": "contenttypes.contenttype",
  "pk": 17,
  "fields": {
    "app_label": "djcelery",
    "model": "taskmeta"
  }
},
{
  "model": "contenttypes.contenttype",
  "pk": 18,
  "fields": {
    "app_label": "main",
    "model": "reseller"
  }
},
{
  "model": "contenttypes.contenttype",
  "pk": 19,
  "fields": {
    "app_label": "main",
    "model": "machine"
  }
},
{
  "model": "contenttypes.contenttype",
  "pk": 20,
  "fields": {
    "app_label": "main",
    "model": "deadline"
  }
},
{
  "model": "contenttypes.contenttype",
  "pk": 21,
  "fields": {
    "app_label": "main",
    "model": "domain"
  }
},
{
  "model": "contenttypes.contenttype",
  "pk": 22,
  "fields": {
    "app_label": "main",
    "model": "registar"
  }
},
{
  "model": "contenttypes.contenttype",
  "pk": 23,
  "fields": {
    "app_label": "main",
    "model": "certificate"
  }
},
{
  "model": "contenttypes.contenttype",
  "pk": 24,
  "fields": {
    "app_label": "main",
    "model": "certificateseller"
  }
},
{
  "model": "contenttypes.contenttype",
  "pk": 25,
  "fields": {
    "app_label": "main",
    "model": "domainregistrant"
  }
},
{
  "model": "contenttypes.contenttype",
  "pk": 26,
  "fields": {
    "app_label": "main",
    "model": "customer"
  }
},
{
  "model": "contenttypes.contenttype",
  "pk": 27,
  "fields": {
    "app_label": "main",
    "model": "payment"
  }
},
{
  "model": "sessions.session",
  "pk": "11t31ptpt3ggsv2mv7ux4xut1mb7sykl",
  "fields": {
    "session_data": "ZTJlMDI0YTBhZmFkYjQ0OTk0N2Q1YWY0MzY2M2JhNjBmNTJhZmFjYTp7Il9hdXRoX3VzZXJfaWQiOiIxIiwiX2F1dGhfdXNlcl9iYWNrZW5kIjoiZGphbmdvLmNvbnRyaWIuYXV0aC5iYWNrZW5kcy5Nb2RlbEJhY2tlbmQiLCJfYXV0aF91c2VyX2hhc2giOiJiODhhYTQ1MzY0OGUwNjI1M2IwNzBjZTRiYTQwYzIyZTc0YTEzMzcyIn0=",
    "expire_date": "2017-12-06T15:00:04.087Z"
  }
},
{
  "model": "sessions.session",
  "pk": "782kxu0jl9bif4hj9tif27aeutpsge2g",
  "fields": {
    "session_data": "NGQwZDM0MzlhZTc3NDFlOTBmMTIwYjE4M2MyYjliOTJjOTg2MjhmYTp7Il9hdXRoX3VzZXJfaWQiOiIyIiwiX2F1dGhfdXNlcl9iYWNrZW5kIjoiZGphbmdvLmNvbnRyaWIuYXV0aC5iYWNrZW5kcy5Nb2RlbEJhY2tlbmQiLCJfYXV0aF91c2VyX2hhc2giOiI2YzU5MTYwOGY3MjJkMmI0MGE3NTA4NTRlOTUyZDBmNGFlZjU3NDRhIn0=",
    "expire_date": "2018-03-14T11:15:18.444Z"
  }
},
{
  "model": "sessions.session",
  "pk": "7ue2s9rmid5rootyjbmrm8uzd2lpmxdf",
  "fields": {
    "session_data": "ZTJlMDI0YTBhZmFkYjQ0OTk0N2Q1YWY0MzY2M2JhNjBmNTJhZmFjYTp7Il9hdXRoX3VzZXJfaWQiOiIxIiwiX2F1dGhfdXNlcl9iYWNrZW5kIjoiZGphbmdvLmNvbnRyaWIuYXV0aC5iYWNrZW5kcy5Nb2RlbEJhY2tlbmQiLCJfYXV0aF91c2VyX2hhc2giOiJiODhhYTQ1MzY0OGUwNjI1M2IwNzBjZTRiYTQwYzIyZTc0YTEzMzcyIn0=",
    "expire_date": "2017-05-02T16:59:14.725Z"
  }
},
{
  "model": "sessions.session",
  "pk": "7x6t2pe1o6q32azyxnf8f4g0y11rnu0r",
  "fields": {
    "session_data": "N2Y2Y2UyZGVjZTY4YjlhOTg4ZmVkYzBjOGQ3NDM4MTgwMDYyYzZkZTp7Il9hdXRoX3VzZXJfaWQiOiIyIiwiX2F1dGhfdXNlcl9iYWNrZW5kIjoiZGphbmdvLmNvbnRyaWIuYXV0aC5iYWNrZW5kcy5Nb2RlbEJhY2tlbmQiLCJfYXV0aF91c2VyX2hhc2giOiI2YTk0NjUzYjBhZTY4YTk0OGRiNmZkZjYwOWM3ZjVlYTdmMWVjMzQyIn0=",
    "expire_date": "2018-03-16T13:04:35.012Z"
  }
},
{
  "model": "sessions.session",
  "pk": "8i22tztre147nw75gdx1w5q13gn7bmk4",
  "fields": {
    "session_data": "MmM4Y2ExYjk2NDQ4NjIxNGRkMWJlMzMwZDNjZjljMDA5NDg5MzAwZjp7Il9hdXRoX3VzZXJfaWQiOiIxIiwiX2F1dGhfdXNlcl9iYWNrZW5kIjoiZGphbmdvLmNvbnRyaWIuYXV0aC5iYWNrZW5kcy5Nb2RlbEJhY2tlbmQiLCJfYXV0aF91c2VyX2hhc2giOiI3MmZlYzY0NzUzYWQxMjZjNDVmNWU2YWNhNDgxMDFmMzhmNzI2MWVkIn0=",
    "expire_date": "2018-03-30T13:14:34.332Z"
  }
},
{
  "model": "sessions.session",
  "pk": "981ogrno95kwwfkco2dzqm4mp8rve9lz",
  "fields": {
    "session_data": "ZTJlMDI0YTBhZmFkYjQ0OTk0N2Q1YWY0MzY2M2JhNjBmNTJhZmFjYTp7Il9hdXRoX3VzZXJfaWQiOiIxIiwiX2F1dGhfdXNlcl9iYWNrZW5kIjoiZGphbmdvLmNvbnRyaWIuYXV0aC5iYWNrZW5kcy5Nb2RlbEJhY2tlbmQiLCJfYXV0aF91c2VyX2hhc2giOiJiODhhYTQ1MzY0OGUwNjI1M2IwNzBjZTRiYTQwYzIyZTc0YTEzMzcyIn0=",
    "expire_date": "2017-08-08T16:42:32.329Z"
  }
},
{
  "model": "sessions.session",
  "pk": "98mh1zcihdha0scfit76lmjtohs04nhd",
  "fields": {
    "session_data": "N2Y2Y2UyZGVjZTY4YjlhOTg4ZmVkYzBjOGQ3NDM4MTgwMDYyYzZkZTp7Il9hdXRoX3VzZXJfaWQiOiIyIiwiX2F1dGhfdXNlcl9iYWNrZW5kIjoiZGphbmdvLmNvbnRyaWIuYXV0aC5iYWNrZW5kcy5Nb2RlbEJhY2tlbmQiLCJfYXV0aF91c2VyX2hhc2giOiI2YTk0NjUzYjBhZTY4YTk0OGRiNmZkZjYwOWM3ZjVlYTdmMWVjMzQyIn0=",
    "expire_date": "2018-03-30T09:51:18.787Z"
  }
},
{
  "model": "sessions.session",
  "pk": "b6xxtopz0yds9j15xobxhc25luv2t4xg",
  "fields": {
    "session_data": "ZTJlMDI0YTBhZmFkYjQ0OTk0N2Q1YWY0MzY2M2JhNjBmNTJhZmFjYTp7Il9hdXRoX3VzZXJfaWQiOiIxIiwiX2F1dGhfdXNlcl9iYWNrZW5kIjoiZGphbmdvLmNvbnRyaWIuYXV0aC5iYWNrZW5kcy5Nb2RlbEJhY2tlbmQiLCJfYXV0aF91c2VyX2hhc2giOiJiODhhYTQ1MzY0OGUwNjI1M2IwNzBjZTRiYTQwYzIyZTc0YTEzMzcyIn0=",
    "expire_date": "2017-04-27T14:50:24.707Z"
  }
},
{
  "model": "sessions.session",
  "pk": "c7efdafn8izgj5yc1jpspupg183jgfro",
  "fields": {
    "session_data": "NTY1ZmE1MTQ5MzQ2NjFiMTQwMDc2MWEwNTE2NzU2NTY2MzQ5MmM5ZTp7Il9hdXRoX3VzZXJfaWQiOiIxIiwiX2F1dGhfdXNlcl9iYWNrZW5kIjoiZGphbmdvLmNvbnRyaWIuYXV0aC5iYWNrZW5kcy5Nb2RlbEJhY2tlbmQiLCJfYXV0aF91c2VyX2hhc2giOiJlOTM2MTk0ZTE3ZjYwYjYzNjM5Y2EzNmVmMTc0MzFmY2Q0YWQzM2MyIn0=",
    "expire_date": "2018-04-02T17:06:19.368Z"
  }
},
{
  "model": "sessions.session",
  "pk": "ch7jzv9nll4atbqqidbl8vvxob9hrney",
  "fields": {
    "session_data": "ZTJlMDI0YTBhZmFkYjQ0OTk0N2Q1YWY0MzY2M2JhNjBmNTJhZmFjYTp7Il9hdXRoX3VzZXJfaWQiOiIxIiwiX2F1dGhfdXNlcl9iYWNrZW5kIjoiZGphbmdvLmNvbnRyaWIuYXV0aC5iYWNrZW5kcy5Nb2RlbEJhY2tlbmQiLCJfYXV0aF91c2VyX2hhc2giOiJiODhhYTQ1MzY0OGUwNjI1M2IwNzBjZTRiYTQwYzIyZTc0YTEzMzcyIn0=",
    "expire_date": "2017-04-23T12:38:58.309Z"
  }
},
{
  "model": "sessions.session",
  "pk": "dle46z3iyd12mzuxrtrov0p3wkvvlugo",
  "fields": {
    "session_data": "ZTJlMDI0YTBhZmFkYjQ0OTk0N2Q1YWY0MzY2M2JhNjBmNTJhZmFjYTp7Il9hdXRoX3VzZXJfaWQiOiIxIiwiX2F1dGhfdXNlcl9iYWNrZW5kIjoiZGphbmdvLmNvbnRyaWIuYXV0aC5iYWNrZW5kcy5Nb2RlbEJhY2tlbmQiLCJfYXV0aF91c2VyX2hhc2giOiJiODhhYTQ1MzY0OGUwNjI1M2IwNzBjZTRiYTQwYzIyZTc0YTEzMzcyIn0=",
    "expire_date": "2017-04-24T19:21:01.547Z"
  }
},
{
  "model": "sessions.session",
  "pk": "ge7wcoihnln4k9yii3205bufmpm74a0j",
  "fields": {
    "session_data": "ZTJlMDI0YTBhZmFkYjQ0OTk0N2Q1YWY0MzY2M2JhNjBmNTJhZmFjYTp7Il9hdXRoX3VzZXJfaWQiOiIxIiwiX2F1dGhfdXNlcl9iYWNrZW5kIjoiZGphbmdvLmNvbnRyaWIuYXV0aC5iYWNrZW5kcy5Nb2RlbEJhY2tlbmQiLCJfYXV0aF91c2VyX2hhc2giOiJiODhhYTQ1MzY0OGUwNjI1M2IwNzBjZTRiYTQwYzIyZTc0YTEzMzcyIn0=",
    "expire_date": "2017-06-26T15:35:32.228Z"
  }
},
{
  "model": "sessions.session",
  "pk": "iroj098xsr6gkoyk8tmxc1c0ttryp7e3",
  "fields": {
    "session_data": "NTY1ZmE1MTQ5MzQ2NjFiMTQwMDc2MWEwNTE2NzU2NTY2MzQ5MmM5ZTp7Il9hdXRoX3VzZXJfaWQiOiIxIiwiX2F1dGhfdXNlcl9iYWNrZW5kIjoiZGphbmdvLmNvbnRyaWIuYXV0aC5iYWNrZW5kcy5Nb2RlbEJhY2tlbmQiLCJfYXV0aF91c2VyX2hhc2giOiJlOTM2MTk0ZTE3ZjYwYjYzNjM5Y2EzNmVmMTc0MzFmY2Q0YWQzM2MyIn0=",
    "expire_date": "2018-03-31T14:58:32.352Z"
  }
},
{
  "model": "sessions.session",
  "pk": "j18aqrj6rszcdro19o0qhuxv7x74tfly",
  "fields": {
    "session_data": "ZTJlMDI0YTBhZmFkYjQ0OTk0N2Q1YWY0MzY2M2JhNjBmNTJhZmFjYTp7Il9hdXRoX3VzZXJfaWQiOiIxIiwiX2F1dGhfdXNlcl9iYWNrZW5kIjoiZGphbmdvLmNvbnRyaWIuYXV0aC5iYWNrZW5kcy5Nb2RlbEJhY2tlbmQiLCJfYXV0aF91c2VyX2hhc2giOiJiODhhYTQ1MzY0OGUwNjI1M2IwNzBjZTRiYTQwYzIyZTc0YTEzMzcyIn0=",
    "expire_date": "2017-05-02T14:00:25.212Z"
  }
},
{
  "model": "sessions.session",
  "pk": "jbdxq7ztf4bh56xkszw6bp92fiakblhk",
  "fields": {
    "session_data": "ZTJlMDI0YTBhZmFkYjQ0OTk0N2Q1YWY0MzY2M2JhNjBmNTJhZmFjYTp7Il9hdXRoX3VzZXJfaWQiOiIxIiwiX2F1dGhfdXNlcl9iYWNrZW5kIjoiZGphbmdvLmNvbnRyaWIuYXV0aC5iYWNrZW5kcy5Nb2RlbEJhY2tlbmQiLCJfYXV0aF91c2VyX2hhc2giOiJiODhhYTQ1MzY0OGUwNjI1M2IwNzBjZTRiYTQwYzIyZTc0YTEzMzcyIn0=",
    "expire_date": "2018-02-25T18:52:30.935Z"
  }
},
{
  "model": "sessions.session",
  "pk": "o2oh410pwx4u0c8zmxj1qilz2l1myfi3",
  "fields": {
    "session_data": "ZTJlMDI0YTBhZmFkYjQ0OTk0N2Q1YWY0MzY2M2JhNjBmNTJhZmFjYTp7Il9hdXRoX3VzZXJfaWQiOiIxIiwiX2F1dGhfdXNlcl9iYWNrZW5kIjoiZGphbmdvLmNvbnRyaWIuYXV0aC5iYWNrZW5kcy5Nb2RlbEJhY2tlbmQiLCJfYXV0aF91c2VyX2hhc2giOiJiODhhYTQ1MzY0OGUwNjI1M2IwNzBjZTRiYTQwYzIyZTc0YTEzMzcyIn0=",
    "expire_date": "2017-05-02T15:49:44.449Z"
  }
},
{
  "model": "sessions.session",
  "pk": "ra7ou32pb5l42dznvw24qfk7ox51jmbt",
  "fields": {
    "session_data": "N2Y2Y2UyZGVjZTY4YjlhOTg4ZmVkYzBjOGQ3NDM4MTgwMDYyYzZkZTp7Il9hdXRoX3VzZXJfaWQiOiIyIiwiX2F1dGhfdXNlcl9iYWNrZW5kIjoiZGphbmdvLmNvbnRyaWIuYXV0aC5iYWNrZW5kcy5Nb2RlbEJhY2tlbmQiLCJfYXV0aF91c2VyX2hhc2giOiI2YTk0NjUzYjBhZTY4YTk0OGRiNmZkZjYwOWM3ZjVlYTdmMWVjMzQyIn0=",
    "expire_date": "2018-03-29T16:31:29.049Z"
  }
},
{
  "model": "sessions.session",
  "pk": "sloyoh9idu2u2fet0uslql2kid6b8gaj",
  "fields": {
    "session_data": "ZTJlMDI0YTBhZmFkYjQ0OTk0N2Q1YWY0MzY2M2JhNjBmNTJhZmFjYTp7Il9hdXRoX3VzZXJfaWQiOiIxIiwiX2F1dGhfdXNlcl9iYWNrZW5kIjoiZGphbmdvLmNvbnRyaWIuYXV0aC5iYWNrZW5kcy5Nb2RlbEJhY2tlbmQiLCJfYXV0aF91c2VyX2hhc2giOiJiODhhYTQ1MzY0OGUwNjI1M2IwNzBjZTRiYTQwYzIyZTc0YTEzMzcyIn0=",
    "expire_date": "2018-02-10T11:36:03.559Z"
  }
},
{
  "model": "sessions.session",
  "pk": "x2twdegsphhwjrzhwuqs5av6jjdab7ez",
  "fields": {
    "session_data": "N2Y2Y2UyZGVjZTY4YjlhOTg4ZmVkYzBjOGQ3NDM4MTgwMDYyYzZkZTp7Il9hdXRoX3VzZXJfaWQiOiIyIiwiX2F1dGhfdXNlcl9iYWNrZW5kIjoiZGphbmdvLmNvbnRyaWIuYXV0aC5iYWNrZW5kcy5Nb2RlbEJhY2tlbmQiLCJfYXV0aF91c2VyX2hhc2giOiI2YTk0NjUzYjBhZTY4YTk0OGRiNmZkZjYwOWM3ZjVlYTdmMWVjMzQyIn0=",
    "expire_date": "2018-03-29T15:37:01.318Z"
  }
},
{
  "model": "sessions.session",
  "pk": "x69cyyr3qvdfquy8j79ebbgyd7sbxxra",
  "fields": {
    "session_data": "NGI1OGI0NjQ5N2JiYWNjNTU4MTQwMTNlNmMwNDAzZWQ2ODZlYWRjYTp7Il9hdXRoX3VzZXJfaGFzaCI6ImI4OGFhNDUzNjQ4ZTA2MjUzYjA3MGNlNGJhNDBjMjJlNzRhMTMzNzIiLCJfYXV0aF91c2VyX2lkIjoiMSIsIl9hdXRoX3VzZXJfYmFja2VuZCI6ImRqYW5nby5jb250cmliLmF1dGguYmFja2VuZHMuTW9kZWxCYWNrZW5kIn0=",
    "expire_date": "2017-03-23T01:49:59.142Z"
  }
},
{
  "model": "sessions.session",
  "pk": "yubc0fmw9g183yjx09h8osz05siwkq5e",
  "fields": {
    "session_data": "N2Y2Y2UyZGVjZTY4YjlhOTg4ZmVkYzBjOGQ3NDM4MTgwMDYyYzZkZTp7Il9hdXRoX3VzZXJfaWQiOiIyIiwiX2F1dGhfdXNlcl9iYWNrZW5kIjoiZGphbmdvLmNvbnRyaWIuYXV0aC5iYWNrZW5kcy5Nb2RlbEJhY2tlbmQiLCJfYXV0aF91c2VyX2hhc2giOiI2YTk0NjUzYjBhZTY4YTk0OGRiNmZkZjYwOWM3ZjVlYTdmMWVjMzQyIn0=",
    "expire_date": "2018-03-27T15:03:45.056Z"
  }
},
{
  "model": "sessions.session",
  "pk": "ywm84c5vhyujrsriqphvihevg0a3e59r",
  "fields": {
    "session_data": "N2Y2Y2UyZGVjZTY4YjlhOTg4ZmVkYzBjOGQ3NDM4MTgwMDYyYzZkZTp7Il9hdXRoX3VzZXJfaWQiOiIyIiwiX2F1dGhfdXNlcl9iYWNrZW5kIjoiZGphbmdvLmNvbnRyaWIuYXV0aC5iYWNrZW5kcy5Nb2RlbEJhY2tlbmQiLCJfYXV0aF91c2VyX2hhc2giOiI2YTk0NjUzYjBhZTY4YTk0OGRiNmZkZjYwOWM3ZjVlYTdmMWVjMzQyIn0=",
    "expire_date": "2018-03-27T14:53:04.489Z"
  }
},
{
  "model": "main.customer",
  "pk": 1,
  "fields": {
    "name": "Farmaceutica Dott.Ciccarelli Spa",
    "email": null
  }
},
{
  "model": "main.customer",
  "pk": 2,
  "fields": {
    "name": "We Personal",
    "email": null
  }
},
{
  "model": "main.customer",
  "pk": 3,
  "fields": {
    "name": "Spark and water",
    "email": null
  }
},
{
  "model": "main.customer",
  "pk": 5,
  "fields": {
    "name": "Tenco",
    "email": null
  }
},
{
  "model": "main.customer",
  "pk": 6,
  "fields": {
    "name": "Art Shop Gallery",
    "email": null
  }
},
{
  "model": "main.customer",
  "pk": 7,
  "fields": {
    "name": "Gymnasium spazio donna",
    "email": null
  }
},
{
  "model": "main.customer",
  "pk": 8,
  "fields": {
    "name": "Agriturismo Amedea",
    "email": null
  }
},
{
  "model": "main.customer",
  "pk": 9,
  "fields": {
    "name": "Zest Today",
    "email": null
  }
},
{
  "model": "main.customer",
  "pk": 10,
  "fields": {
    "name": "Eredi Februari",
    "email": null
  }
},
{
  "model": "main.customer",
  "pk": 11,
  "fields": {
    "name": "come organizzare il matrimonio",
    "email": null
  }
},
{
  "model": "main.customer",
  "pk": 12,
  "fields": {
    "name": "Consorzio Turistico Pistoia",
    "email": null
  }
},
{
  "model": "main.customer",
  "pk": 13,
  "fields": {
    "name": "Frascio",
    "email": null
  }
},
{
  "model": "main.customer",
  "pk": 14,
  "fields": {
    "name": "Consorzio Ambulanti Toscana",
    "email": null
  }
},
{
  "model": "main.customer",
  "pk": 15,
  "fields": {
    "name": "Roberto Bartoli",
    "email": null
  }
},
{
  "model": "main.customer",
  "pk": 16,
  "fields": {
    "name": "uapc",
    "email": null
  }
},
{
  "model": "main.customer",
  "pk": 17,
  "fields": {
    "name": "valeria Cancedda",
    "email": null
  }
},
{
  "model": "main.customer",
  "pk": 18,
  "fields": {
    "name": "Marco Chistolini",
    "email": null
  }
},
{
  "model": "main.customer",
  "pk": 19,
  "fields": {
    "name": "Tenco",
    "email": null
  }
},
{
  "model": "main.customer",
  "pk": 20,
  "fields": {
    "name": "Spark and water",
    "email": null
  }
},
{
  "model": "main.customer",
  "pk": 21,
  "fields": {
    "name": "rmutt1917",
    "email": null
  }
},
{
  "model": "main.customer",
  "pk": 22,
  "fields": {
    "name": "Lotrek s.c.rl",
    "email": null
  }
},
{
  "model": "main.customer",
  "pk": 23,
  "fields": {
    "name": "Monica Papagna",
    "email": null
  }
},
{
  "model": "main.registar",
  "pk": 1,
  "fields": {
    "name": "Internetbs-Lotrek",
    "panel_registar": "https://internetbs.net",
    "username_panel_registar": "admin@lotrek.it",
    "password_panel_registar": "denrtsan1"
  }
},
{
  "model": "main.registar",
  "pk": 2,
  "fields": {
    "name": "internetbs-tenco",
    "panel_registar": "https://internetbs.net",
    "username_panel_registar": "info@tenco.it",
    "password_panel_registar": "doselite2016!"
  }
},
{
  "model": "main.registar",
  "pk": 3,
  "fields": {
    "name": "vhosting-ciccarelli",
    "panel_registar": "https://www.vhosting-it.com/clients/clientarea.php",
    "username_panel_registar": "marco@lotrek.it",
    "password_panel_registar": "C1ccarelli"
  }
},
{
  "model": "main.registar",
  "pk": 4,
  "fields": {
    "name": "vhosting-lotrek",
    "panel_registar": "https://www.vhosting-it.com/",
    "username_panel_registar": "admin@lotrek.it",
    "password_panel_registar": "denrtsan1"
  }
},
{
  "model": "main.registar",
  "pk": 5,
  "fields": {
    "name": "dominiok-lotrek",
    "panel_registar": "https://www.dominiok.it/",
    "username_panel_registar": "philog",
    "password_panel_registar": "Hbd177lo"
  }
},
{
  "model": "main.registar",
  "pk": 6,
  "fields": {
    "name": "Aruba-lotrek",
    "panel_registar": "https://managehosting.aruba.it/AreaUtenti.asp",
    "username_panel_registar": "3018315@aruba.it",
    "password_panel_registar": "j89wrve7"
  }
},
{
  "model": "main.domainregistrant",
  "pk": 1,
  "fields": {
    "name": "Farmaceutica Dott.Ciccarelli Spa",
    "email": null
  }
},
{
  "model": "main.domain",
  "pk": 1,
  "fields": {
    "name": "baldiflex.it",
    "price": "0.00",
    "end_time": "2019-02-10",
    "registar": 1,
    "registrant": null,
    "own": true,
    "to_renew": true,
    "calendar_id": null
  }
},
{
  "model": "main.domain",
  "pk": 2,
  "fields": {
    "name": "ladredipiante.com",
    "price": "0.00",
    "end_time": "2018-11-06",
    "registar": 1,
    "registrant": null,
    "own": true,
    "to_renew": true,
    "calendar_id": null
  }
},
{
  "model": "main.domain",
  "pk": 3,
  "fields": {
    "name": "eglab.it",
    "price": "0.00",
    "end_time": "2018-03-21",
    "registar": null,
    "registrant": null,
    "own": false,
    "to_renew": true,
    "calendar_id": null
  }
},
{
  "model": "main.domain",
  "pk": 4,
  "fields": {
    "name": "wepersonal.it",
    "price": "0.00",
    "end_time": "2019-03-07",
    "registar": 1,
    "registrant": null,
    "own": true,
    "to_renew": true,
    "calendar_id": null
  }
},
{
  "model": "main.domain",
  "pk": 5,
  "fields": {
    "name": "riempitricevolumetrica.it",
    "price": "0.00",
    "end_time": "2018-04-01",
    "registar": 2,
    "registrant": null,
    "own": true,
    "to_renew": true,
    "calendar_id": null
  }
},
{
  "model": "main.domain",
  "pk": 6,
  "fields": {
    "name": "colmatrice.it",
    "price": "0.00",
    "end_time": "2018-04-01",
    "registar": 2,
    "registrant": null,
    "own": true,
    "to_renew": true,
    "calendar_id": null
  }
},
{
  "model": "main.domain",
  "pk": 7,
  "fields": {
    "name": "colmatore.it",
    "price": "0.00",
    "end_time": "2018-04-01",
    "registar": 2,
    "registrant": null,
    "own": true,
    "to_renew": true,
    "calendar_id": null
  }
},
{
  "model": "main.domain",
  "pk": 8,
  "fields": {
    "name": "riempitricivolumetriche.it",
    "price": "0.00",
    "end_time": "2018-04-01",
    "registar": 2,
    "registrant": null,
    "own": true,
    "to_renew": true,
    "calendar_id": null
  }
},
{
  "model": "main.domain",
  "pk": 9,
  "fields": {
    "name": "colmatori.it",
    "price": "0.00",
    "end_time": "2018-04-01",
    "registar": 2,
    "registrant": null,
    "own": true,
    "to_renew": true,
    "calendar_id": null
  }
},
{
  "model": "main.domain",
  "pk": 10,
  "fields": {
    "name": "doselite.it",
    "price": "0.00",
    "end_time": "2018-04-01",
    "registar": 2,
    "registrant": null,
    "own": true,
    "to_renew": true,
    "calendar_id": null
  }
},
{
  "model": "main.domain",
  "pk": 11,
  "fields": {
    "name": "pistonfillers.it",
    "price": "0.00",
    "end_time": "2018-04-01",
    "registar": 2,
    "registrant": null,
    "own": true,
    "to_renew": true,
    "calendar_id": "iu0apken1dnljpqmajgncnt0bs"
  }
},
{
  "model": "main.domain",
  "pk": 12,
  "fields": {
    "name": "dosatricivolumetriche.com",
    "price": "0.00",
    "end_time": "2018-04-04",
    "registar": 2,
    "registrant": null,
    "own": true,
    "to_renew": true,
    "calendar_id": null
  }
},
{
  "model": "main.domain",
  "pk": 13,
  "fields": {
    "name": "dosatorivolumetrici.com",
    "price": "0.00",
    "end_time": "2018-04-04",
    "registar": 2,
    "registrant": null,
    "own": true,
    "to_renew": true,
    "calendar_id": null
  }
},
{
  "model": "main.domain",
  "pk": 14,
  "fields": {
    "name": "colmatrici.it",
    "price": "0.00",
    "end_time": "2018-04-04",
    "registar": 2,
    "registrant": null,
    "own": true,
    "to_renew": true,
    "calendar_id": null
  }
},
{
  "model": "main.domain",
  "pk": 15,
  "fields": {
    "name": "vacuumfillers.com",
    "price": "0.00",
    "end_time": "2018-04-05",
    "registar": 2,
    "registrant": null,
    "own": true,
    "to_renew": true,
    "calendar_id": null
  }
},
{
  "model": "main.domain",
  "pk": 16,
  "fields": {
    "name": "tenco.it",
    "price": "0.00",
    "end_time": "2018-05-14",
    "registar": 2,
    "registrant": null,
    "own": true,
    "to_renew": true,
    "calendar_id": null
  }
},
{
  "model": "main.domain",
  "pk": 17,
  "fields": {
    "name": "tencosrl.com",
    "price": "0.00",
    "end_time": "2018-10-23",
    "registar": 2,
    "registrant": null,
    "own": true,
    "to_renew": true,
    "calendar_id": null
  }
},
{
  "model": "main.domain",
  "pk": 18,
  "fields": {
    "name": "abetoneapm.it",
    "price": "0.00",
    "end_time": "2018-07-12",
    "registar": 1,
    "registrant": null,
    "own": true,
    "to_renew": true,
    "calendar_id": null
  }
},
{
  "model": "main.domain",
  "pk": 19,
  "fields": {
    "name": "agriturismoamedea.it",
    "price": "0.00",
    "end_time": "2019-03-19",
    "registar": 1,
    "registrant": null,
    "own": true,
    "to_renew": true,
    "calendar_id": null
  }
},
{
  "model": "main.domain",
  "pk": 20,
  "fields": {
    "name": "alessandrofini.com",
    "price": "0.00",
    "end_time": "2019-03-11",
    "registar": 1,
    "registrant": null,
    "own": true,
    "to_renew": true,
    "calendar_id": null
  }
},
{
  "model": "main.domain",
  "pk": 21,
  "fields": {
    "name": "alessandrofini.it",
    "price": "0.00",
    "end_time": "2019-03-12",
    "registar": 1,
    "registrant": null,
    "own": true,
    "to_renew": true,
    "calendar_id": null
  }
},
{
  "model": "main.domain",
  "pk": 22,
  "fields": {
    "name": "alibaba.re",
    "price": "0.00",
    "end_time": "2018-09-24",
    "registar": 1,
    "registrant": null,
    "own": true,
    "to_renew": true,
    "calendar_id": null
  }
},
{
  "model": "main.domain",
  "pk": 23,
  "fields": {
    "name": "amanuda.biz",
    "price": "0.00",
    "end_time": "2018-09-06",
    "registar": 1,
    "registrant": null,
    "own": true,
    "to_renew": true,
    "calendar_id": null
  }
},
{
  "model": "main.domain",
  "pk": 24,
  "fields": {
    "name": "amanuda.club",
    "price": "0.00",
    "end_time": "2018-09-06",
    "registar": 1,
    "registrant": null,
    "own": true,
    "to_renew": true,
    "calendar_id": null
  }
},
{
  "model": "main.domain",
  "pk": 25,
  "fields": {
    "name": "amanuda.com",
    "price": "0.00",
    "end_time": "2018-09-06",
    "registar": 1,
    "registrant": null,
    "own": true,
    "to_renew": true,
    "calendar_id": null
  }
},
{
  "model": "main.domain",
  "pk": 26,
  "fields": {
    "name": "amanuda.eu",
    "price": "0.00",
    "end_time": "2018-09-07",
    "registar": 1,
    "registrant": null,
    "own": true,
    "to_renew": true,
    "calendar_id": null
  }
},
{
  "model": "main.domain",
  "pk": 27,
  "fields": {
    "name": "amanuda.info",
    "price": "0.00",
    "end_time": "2018-09-07",
    "registar": 1,
    "registrant": null,
    "own": true,
    "to_renew": true,
    "calendar_id": null
  }
},
{
  "model": "main.domain",
  "pk": 28,
  "fields": {
    "name": "amanuda.it",
    "price": "0.00",
    "end_time": "2018-09-06",
    "registar": 1,
    "registrant": null,
    "own": true,
    "to_renew": true,
    "calendar_id": null
  }
},
{
  "model": "main.domain",
  "pk": 29,
  "fields": {
    "name": "amanuda.me",
    "price": "0.00",
    "end_time": "2018-09-07",
    "registar": 1,
    "registrant": null,
    "own": true,
    "to_renew": true,
    "calendar_id": null
  }
},
{
  "model": "main.domain",
  "pk": 30,
  "fields": {
    "name": "amanuda.net",
    "price": "0.00",
    "end_time": "2018-09-07",
    "registar": 1,
    "registrant": null,
    "own": true,
    "to_renew": true,
    "calendar_id": null
  }
},
{
  "model": "main.domain",
  "pk": 31,
  "fields": {
    "name": "amanuda.org",
    "price": "0.00",
    "end_time": "2018-09-07",
    "registar": 1,
    "registrant": null,
    "own": true,
    "to_renew": true,
    "calendar_id": null
  }
},
{
  "model": "main.domain",
  "pk": 32,
  "fields": {
    "name": "amanuda.pro",
    "price": "0.00",
    "end_time": "2018-09-07",
    "registar": 1,
    "registrant": null,
    "own": true,
    "to_renew": true,
    "calendar_id": null
  }
},
{
  "model": "main.domain",
  "pk": 33,
  "fields": {
    "name": "amanuda.site",
    "price": "0.00",
    "end_time": "2018-09-07",
    "registar": 1,
    "registrant": null,
    "own": true,
    "to_renew": true,
    "calendar_id": null
  }
},
{
  "model": "main.domain",
  "pk": 34,
  "fields": {
    "name": "amanuda.webcam",
    "price": "0.00",
    "end_time": "2018-09-06",
    "registar": 1,
    "registrant": null,
    "own": true,
    "to_renew": true,
    "calendar_id": null
  }
},
{
  "model": "main.domain",
  "pk": 35,
  "fields": {
    "name": "amanuda..website",
    "price": "0.00",
    "end_time": "2018-09-07",
    "registar": 1,
    "registrant": null,
    "own": true,
    "to_renew": true,
    "calendar_id": null
  }
},
{
  "model": "main.domain",
  "pk": 36,
  "fields": {
    "name": "andyleatherfactory.it",
    "price": "0.00",
    "end_time": "2018-04-17",
    "registar": 1,
    "registrant": null,
    "own": true,
    "to_renew": false,
    "calendar_id": null
  }
},
{
  "model": "main.domain",
  "pk": 37,
  "fields": {
    "name": "artshopgallery.it",
    "price": "0.00",
    "end_time": "2019-03-10",
    "registar": 1,
    "registrant": null,
    "own": true,
    "to_renew": true,
    "calendar_id": null
  }
},
{
  "model": "main.domain",
  "pk": 38,
  "fields": {
    "name": "associazionecrescere.it",
    "price": "0.00",
    "end_time": "2018-12-25",
    "registar": 1,
    "registrant": null,
    "own": true,
    "to_renew": true,
    "calendar_id": null
  }
},
{
  "model": "main.domain",
  "pk": 39,
  "fields": {
    "name": "bagelfactory.co.uk",
    "price": "0.00",
    "end_time": "2019-02-01",
    "registar": 1,
    "registrant": null,
    "own": true,
    "to_renew": true,
    "calendar_id": null
  }
},
{
  "model": "main.domain",
  "pk": 40,
  "fields": {
    "name": "bagelfactory.it",
    "price": "0.00",
    "end_time": "2018-11-23",
    "registar": 1,
    "registrant": null,
    "own": true,
    "to_renew": true,
    "calendar_id": null
  }
},
{
  "model": "main.domain",
  "pk": 41,
  "fields": {
    "name": "baldiflex.it",
    "price": "0.00",
    "end_time": "2019-02-10",
    "registar": 1,
    "registrant": null,
    "own": true,
    "to_renew": true,
    "calendar_id": null
  }
},
{
  "model": "main.domain",
  "pk": 42,
  "fields": {
    "name": "banana.re",
    "price": "0.00",
    "end_time": "2018-10-06",
    "registar": 1,
    "registrant": null,
    "own": true,
    "to_renew": true,
    "calendar_id": null
  }
},
{
  "model": "main.domain",
  "pk": 43,
  "fields": {
    "name": "barcoreale.com",
    "price": "0.00",
    "end_time": "2019-08-31",
    "registar": 1,
    "registrant": null,
    "own": true,
    "to_renew": true,
    "calendar_id": null
  }
},
{
  "model": "main.domain",
  "pk": 44,
  "fields": {
    "name": "barcoreale.it",
    "price": "0.00",
    "end_time": "2018-12-27",
    "registar": 1,
    "registrant": null,
    "own": true,
    "to_renew": true,
    "calendar_id": null
  }
},
{
  "model": "main.domain",
  "pk": 45,
  "fields": {
    "name": "bizzarrimaurizio.com",
    "price": "0.00",
    "end_time": "2018-07-28",
    "registar": 1,
    "registrant": null,
    "own": true,
    "to_renew": true,
    "calendar_id": null
  }
},
{
  "model": "main.domain",
  "pk": 46,
  "fields": {
    "name": "bizzarrimaurizio.it",
    "price": "0.00",
    "end_time": "2018-07-28",
    "registar": 1,
    "registrant": null,
    "own": true,
    "to_renew": true,
    "calendar_id": null
  }
},
{
  "model": "main.domain",
  "pk": 47,
  "fields": {
    "name": "bloving.it",
    "price": "0.00",
    "end_time": "2018-08-01",
    "registar": 1,
    "registrant": null,
    "own": true,
    "to_renew": true,
    "calendar_id": null
  }
},
{
  "model": "main.domain",
  "pk": 48,
  "fields": {
    "name": "camillassecrets.com",
    "price": "0.00",
    "end_time": "2018-05-25",
    "registar": 1,
    "registrant": null,
    "own": true,
    "to_renew": true,
    "calendar_id": null
  }
},
{
  "model": "main.domain",
  "pk": 49,
  "fields": {
    "name": "capitalecultura2017.it",
    "price": "0.00",
    "end_time": "2018-04-15",
    "registar": 1,
    "registrant": null,
    "own": true,
    "to_renew": true,
    "calendar_id": null
  }
},
{
  "model": "main.domain",
  "pk": 50,
  "fields": {
    "name": "casafamiglia.info",
    "price": "0.00",
    "end_time": "2018-11-07",
    "registar": 1,
    "registrant": null,
    "own": true,
    "to_renew": true,
    "calendar_id": null
  }
},
{
  "model": "main.domain",
  "pk": 51,
  "fields": {
    "name": "centrointerculturalepistoia.it",
    "price": "0.00",
    "end_time": "2018-07-03",
    "registar": 1,
    "registrant": null,
    "own": true,
    "to_renew": true,
    "calendar_id": null
  }
},
{
  "model": "main.domain",
  "pk": 52,
  "fields": {
    "name": "comeorganizzareilmatrimonio.it",
    "price": "0.00",
    "end_time": "2018-03-31",
    "registar": 1,
    "registrant": null,
    "own": true,
    "to_renew": true,
    "calendar_id": null
  }
},
{
  "model": "main.domain",
  "pk": 53,
  "fields": {
    "name": "consorzioambulantitoscana.it",
    "price": "0.00",
    "end_time": "2018-04-20",
    "registar": 1,
    "registrant": null,
    "own": true,
    "to_renew": true,
    "calendar_id": null
  }
},
{
  "model": "main.domain",
  "pk": 54,
  "fields": {
    "name": "coopagritur.com",
    "price": "0.00",
    "end_time": "2018-07-24",
    "registar": 1,
    "registrant": null,
    "own": true,
    "to_renew": true,
    "calendar_id": null
  }
},
{
  "model": "main.domain",
  "pk": 55,
  "fields": {
    "name": "coworkare.it",
    "price": "0.00",
    "end_time": "2018-12-30",
    "registar": 1,
    "registrant": null,
    "own": true,
    "to_renew": true,
    "calendar_id": null
  }
},
{
  "model": "main.domain",
  "pk": 56,
  "fields": {
    "name": "coworkingpistoia.com",
    "price": "0.00",
    "end_time": "2018-08-31",
    "registar": 1,
    "registrant": null,
    "own": true,
    "to_renew": true,
    "calendar_id": null
  }
},
{
  "model": "main.domain",
  "pk": 57,
  "fields": {
    "name": "coworkingpistoia.it",
    "price": "0.00",
    "end_time": "2018-12-04",
    "registar": 1,
    "registrant": null,
    "own": true,
    "to_renew": true,
    "calendar_id": null
  }
},
{
  "model": "main.domain",
  "pk": 58,
  "fields": {
    "name": "cozzeriapluma.it",
    "price": "0.00",
    "end_time": "2019-02-27",
    "registar": 1,
    "registrant": null,
    "own": true,
    "to_renew": true,
    "calendar_id": null
  }
},
{
  "model": "main.domain",
  "pk": 59,
  "fields": {
    "name": "cuccioletti.com",
    "price": "0.00",
    "end_time": "2019-01-11",
    "registar": 1,
    "registrant": null,
    "own": true,
    "to_renew": true,
    "calendar_id": null
  }
},
{
  "model": "main.domain",
  "pk": 60,
  "fields": {
    "name": "cuccioletti.it",
    "price": "0.00",
    "end_time": "2019-01-11",
    "registar": 1,
    "registrant": null,
    "own": true,
    "to_renew": true,
    "calendar_id": null
  }
},
{
  "model": "main.domain",
  "pk": 61,
  "fields": {
    "name": "daddysneatness.com",
    "price": "0.00",
    "end_time": "2018-08-01",
    "registar": 1,
    "registrant": null,
    "own": true,
    "to_renew": true,
    "calendar_id": null
  }
},
{
  "model": "main.domain",
  "pk": 62,
  "fields": {
    "name": "decorazionidegiacomo.com",
    "price": "0.00",
    "end_time": "2018-12-28",
    "registar": 1,
    "registrant": null,
    "own": true,
    "to_renew": true,
    "calendar_id": null
  }
},
{
  "model": "main.domain",
  "pk": 63,
  "fields": {
    "name": "decorazionidegiacomo.it",
    "price": "0.00",
    "end_time": "2018-12-28",
    "registar": 1,
    "registrant": null,
    "own": true,
    "to_renew": true,
    "calendar_id": null
  }
},
{
  "model": "main.domain",
  "pk": 64,
  "fields": {
    "name": "dolonowa.com",
    "price": "0.00",
    "end_time": "2019-02-03",
    "registar": 1,
    "registrant": null,
    "own": true,
    "to_renew": true,
    "calendar_id": null
  }
},
{
  "model": "main.domain",
  "pk": 65,
  "fields": {
    "name": "dontread.me",
    "price": "0.00",
    "end_time": "2018-09-05",
    "registar": 1,
    "registrant": null,
    "own": true,
    "to_renew": true,
    "calendar_id": null
  }
},
{
  "model": "main.domain",
  "pk": 66,
  "fields": {
    "name": "easyparket.it",
    "price": "0.00",
    "end_time": "2018-09-22",
    "registar": 1,
    "registrant": null,
    "own": true,
    "to_renew": true,
    "calendar_id": null
  }
},
{
  "model": "main.domain",
  "pk": 67,
  "fields": {
    "name": "elettrotecnicaagostini.it",
    "price": "0.00",
    "end_time": "2019-02-18",
    "registar": 1,
    "registrant": null,
    "own": true,
    "to_renew": true,
    "calendar_id": null
  }
},
{
  "model": "main.domain",
  "pk": 68,
  "fields": {
    "name": "eredifebruari.it",
    "price": "0.00",
    "end_time": "2018-03-28",
    "registar": 1,
    "registrant": null,
    "own": true,
    "to_renew": true,
    "calendar_id": null
  }
},
{
  "model": "main.domain",
  "pk": 69,
  "fields": {
    "name": "ewamariapacini.it",
    "price": "0.00",
    "end_time": "2018-06-16",
    "registar": 1,
    "registrant": null,
    "own": true,
    "to_renew": true,
    "calendar_id": null
  }
},
{
  "model": "main.domain",
  "pk": 70,
  "fields": {
    "name": "frascio.com",
    "price": "0.00",
    "end_time": "2018-11-12",
    "registar": 1,
    "registrant": null,
    "own": true,
    "to_renew": true,
    "calendar_id": null
  }
},
{
  "model": "main.domain",
  "pk": 71,
  "fields": {
    "name": "frascio.it",
    "price": "0.00",
    "end_time": "2018-04-20",
    "registar": 1,
    "registrant": null,
    "own": true,
    "to_renew": true,
    "calendar_id": null
  }
},
{
  "model": "main.domain",
  "pk": 72,
  "fields": {
    "name": "gymnasiumspaziodonna.it",
    "price": "0.00",
    "end_time": "2019-03-15",
    "registar": 1,
    "registrant": null,
    "own": true,
    "to_renew": true,
    "calendar_id": null
  }
},
{
  "model": "main.domain",
  "pk": 73,
  "fields": {
    "name": "hotelabetone.eu",
    "price": "0.00",
    "end_time": "2018-07-31",
    "registar": 1,
    "registrant": null,
    "own": true,
    "to_renew": true,
    "calendar_id": null
  }
},
{
  "model": "main.domain",
  "pk": 74,
  "fields": {
    "name": "immobiliareaip.it",
    "price": "0.00",
    "end_time": "2018-05-09",
    "registar": 1,
    "registrant": null,
    "own": true,
    "to_renew": true,
    "calendar_id": null
  }
},
{
  "model": "main.domain",
  "pk": 75,
  "fields": {
    "name": "immobiliarepistoiese.it",
    "price": "0.00",
    "end_time": "2018-12-19",
    "registar": 1,
    "registrant": null,
    "own": true,
    "to_renew": true,
    "calendar_id": "t7h41vp4976mf95e15hd0m44ao"
  }
},
{
  "model": "main.domain",
  "pk": 76,
  "fields": {
    "name": "innocentisilvano.it",
    "price": "0.00",
    "end_time": "2018-10-04",
    "registar": 1,
    "registrant": null,
    "own": true,
    "to_renew": true,
    "calendar_id": null
  }
},
{
  "model": "main.domain",
  "pk": 77,
  "fields": {
    "name": "intelligenttourism.it",
    "price": "0.00",
    "end_time": "2018-10-18",
    "registar": 1,
    "registrant": null,
    "own": true,
    "to_renew": true,
    "calendar_id": null
  }
},
{
  "model": "main.domain",
  "pk": 78,
  "fields": {
    "name": "italymaterassi.com",
    "price": "0.00",
    "end_time": "2018-11-06",
    "registar": 1,
    "registrant": null,
    "own": true,
    "to_renew": true,
    "calendar_id": null
  }
},
{
  "model": "main.domain",
  "pk": 79,
  "fields": {
    "name": "italymaterassi.it",
    "price": "0.00",
    "end_time": "2018-08-02",
    "registar": 1,
    "registrant": null,
    "own": true,
    "to_renew": true,
    "calendar_id": null
  }
},
{
  "model": "main.domain",
  "pk": 80,
  "fields": {
    "name": "jorpak.it",
    "price": "5.18",
    "end_time": "2019-03-08",
    "registar": 1,
    "registrant": null,
    "own": true,
    "to_renew": true,
    "calendar_id": null
  }
},
{
  "model": "main.domain",
  "pk": 81,
  "fields": {
    "name": "labottegadilinchetto.com",
    "price": "0.00",
    "end_time": "2018-05-28",
    "registar": 1,
    "registrant": null,
    "own": true,
    "to_renew": true,
    "calendar_id": null
  }
},
{
  "model": "main.domain",
  "pk": 82,
  "fields": {
    "name": "ladredipiante.com",
    "price": "0.00",
    "end_time": "2018-11-06",
    "registar": 1,
    "registrant": null,
    "own": true,
    "to_renew": true,
    "calendar_id": null
  }
},
{
  "model": "main.domain",
  "pk": 83,
  "fields": {
    "name": "littlemonsterchic.com",
    "price": "0.00",
    "end_time": "2018-05-09",
    "registar": 1,
    "registrant": null,
    "own": true,
    "to_renew": true,
    "calendar_id": null
  }
},
{
  "model": "main.domain",
  "pk": 84,
  "fields": {
    "name": "lotrek.company",
    "price": "0.00",
    "end_time": "2018-10-13",
    "registar": 1,
    "registrant": null,
    "own": true,
    "to_renew": true,
    "calendar_id": null
  }
},
{
  "model": "main.domain",
  "pk": 85,
  "fields": {
    "name": "lotrek.eu",
    "price": "0.00",
    "end_time": "2018-10-13",
    "registar": 1,
    "registrant": null,
    "own": true,
    "to_renew": true,
    "calendar_id": null
  }
},
{
  "model": "main.domain",
  "pk": 86,
  "fields": {
    "name": "lotrek.it",
    "price": "0.00",
    "end_time": "2027-01-02",
    "registar": 1,
    "registrant": null,
    "own": true,
    "to_renew": true,
    "calendar_id": null
  }
},
{
  "model": "main.domain",
  "pk": 87,
  "fields": {
    "name": "lotrek.net",
    "price": "0.00",
    "end_time": "2018-10-13",
    "registar": 1,
    "registrant": null,
    "own": true,
    "to_renew": true,
    "calendar_id": null
  }
},
{
  "model": "main.domain",
  "pk": 88,
  "fields": {
    "name": "managy.it",
    "price": "0.00",
    "end_time": "2018-08-28",
    "registar": 1,
    "registrant": null,
    "own": true,
    "to_renew": true,
    "calendar_id": null
  }
},
{
  "model": "main.domain",
  "pk": 89,
  "fields": {
    "name": "mangiacitta.com",
    "price": "0.00",
    "end_time": "2018-04-27",
    "registar": 1,
    "registrant": null,
    "own": true,
    "to_renew": true,
    "calendar_id": null
  }
},
{
  "model": "main.domain",
  "pk": 90,
  "fields": {
    "name": "mangiacitta.it",
    "price": "0.00",
    "end_time": "2019-01-03",
    "registar": 1,
    "registrant": null,
    "own": true,
    "to_renew": true,
    "calendar_id": null
  }
},
{
  "model": "main.domain",
  "pk": 91,
  "fields": {
    "name": "mangiapistoia.it",
    "price": "0.00",
    "end_time": "2019-01-03",
    "registar": 1,
    "registrant": null,
    "own": true,
    "to_renew": true,
    "calendar_id": null
  }
},
{
  "model": "main.domain",
  "pk": 92,
  "fields": {
    "name": "marbec.it",
    "price": "0.00",
    "end_time": "2019-02-19",
    "registar": 1,
    "registrant": null,
    "own": true,
    "to_renew": true,
    "calendar_id": null
  }
},
{
  "model": "main.domain",
  "pk": 93,
  "fields": {
    "name": "marcochistolini.it",
    "price": "0.00",
    "end_time": "2018-05-14",
    "registar": 1,
    "registrant": null,
    "own": true,
    "to_renew": true,
    "calendar_id": null
  }
},
{
  "model": "main.domain",
  "pk": 94,
  "fields": {
    "name": "milofilms.it",
    "price": "0.00",
    "end_time": "2018-03-16",
    "registar": 1,
    "registrant": null,
    "own": true,
    "to_renew": false,
    "calendar_id": null
  }
},
{
  "model": "main.domain",
  "pk": 95,
  "fields": {
    "name": "moka-cafe.co.uk",
    "price": "0.00",
    "end_time": "2019-11-14",
    "registar": 1,
    "registrant": null,
    "own": true,
    "to_renew": true,
    "calendar_id": null
  }
},
{
  "model": "main.domain",
  "pk": 96,
  "fields": {
    "name": "moka-cafe.uk",
    "price": "0.00",
    "end_time": "2018-11-14",
    "registar": 1,
    "registrant": null,
    "own": true,
    "to_renew": true,
    "calendar_id": null
  }
},
{
  "model": "main.domain",
  "pk": 97,
  "fields": {
    "name": "muriacolori.com",
    "price": "0.00",
    "end_time": "2018-06-01",
    "registar": 1,
    "registrant": null,
    "own": true,
    "to_renew": true,
    "calendar_id": null
  }
},
{
  "model": "main.domain",
  "pk": 98,
  "fields": {
    "name": "muriacolori.it",
    "price": "0.00",
    "end_time": "2018-06-01",
    "registar": 1,
    "registrant": null,
    "own": true,
    "to_renew": true,
    "calendar_id": null
  }
},
{
  "model": "main.domain",
  "pk": 99,
  "fields": {
    "name": "outletpiante.com",
    "price": "0.00",
    "end_time": "2018-11-08",
    "registar": 1,
    "registrant": null,
    "own": true,
    "to_renew": true,
    "calendar_id": null
  }
},
{
  "model": "main.domain",
  "pk": 100,
  "fields": {
    "name": "paceshowroom.com",
    "price": "0.00",
    "end_time": "2018-06-19",
    "registar": 1,
    "registrant": null,
    "own": true,
    "to_renew": true,
    "calendar_id": null
  }
},
{
  "model": "main.domain",
  "pk": 101,
  "fields": {
    "name": "paceshowroom.it",
    "price": "0.00",
    "end_time": "2018-06-19",
    "registar": 1,
    "registrant": null,
    "own": true,
    "to_renew": true,
    "calendar_id": null
  }
},
{
  "model": "main.domain",
  "pk": 102,
  "fields": {
    "name": "paperbeam.it",
    "price": "0.00",
    "end_time": "2019-01-11",
    "registar": 1,
    "registrant": null,
    "own": true,
    "to_renew": true,
    "calendar_id": null
  }
},
{
  "model": "main.domain",
  "pk": 103,
  "fields": {
    "name": "patriziomezzani.it",
    "price": "0.00",
    "end_time": "2018-06-26",
    "registar": 1,
    "registrant": null,
    "own": true,
    "to_renew": true,
    "calendar_id": null
  }
},
{
  "model": "main.domain",
  "pk": 104,
  "fields": {
    "name": "pazzaglia.biz",
    "price": "0.00",
    "end_time": "2018-07-08",
    "registar": 1,
    "registrant": null,
    "own": true,
    "to_renew": true,
    "calendar_id": null
  }
},
{
  "model": "main.domain",
  "pk": 105,
  "fields": {
    "name": "pazzaglia.eu",
    "price": "0.00",
    "end_time": "2018-05-18",
    "registar": 1,
    "registrant": null,
    "own": true,
    "to_renew": true,
    "calendar_id": null
  }
},
{
  "model": "main.domain",
  "pk": 106,
  "fields": {
    "name": "pazzaglia.net",
    "price": "0.00",
    "end_time": "2018-07-09",
    "registar": 1,
    "registrant": null,
    "own": true,
    "to_renew": true,
    "calendar_id": null
  }
},
{
  "model": "main.domain",
  "pk": 107,
  "fields": {
    "name": "pazzaglia.us",
    "price": "0.00",
    "end_time": "2018-09-03",
    "registar": 1,
    "registrant": null,
    "own": true,
    "to_renew": true,
    "calendar_id": null
  }
},
{
  "model": "main.domain",
  "pk": 108,
  "fields": {
    "name": "pistoiaturismo.it",
    "price": "0.00",
    "end_time": "2018-05-09",
    "registar": 1,
    "registrant": null,
    "own": true,
    "to_renew": true,
    "calendar_id": null
  }
},
{
  "model": "main.domain",
  "pk": 109,
  "fields": {
    "name": "pointerdeimascii.it",
    "price": "0.00",
    "end_time": "2018-10-25",
    "registar": 1,
    "registrant": null,
    "own": true,
    "to_renew": true,
    "calendar_id": null
  }
},
{
  "model": "main.domain",
  "pk": 110,
  "fields": {
    "name": "punto-service.info",
    "price": "0.00",
    "end_time": "2018-07-26",
    "registar": 1,
    "registrant": null,
    "own": true,
    "to_renew": true,
    "calendar_id": null
  }
},
{
  "model": "main.domain",
  "pk": 111,
  "fields": {
    "name": "puntocasadesign.it",
    "price": "0.00",
    "end_time": "2018-07-22",
    "registar": 1,
    "registrant": null,
    "own": true,
    "to_renew": true,
    "calendar_id": null
  }
},
{
  "model": "main.domain",
  "pk": 112,
  "fields": {
    "name": "regaladolcezze.com",
    "price": "0.00",
    "end_time": "2018-08-31",
    "registar": 1,
    "registrant": null,
    "own": true,
    "to_renew": true,
    "calendar_id": null
  }
},
{
  "model": "main.domain",
  "pk": 113,
  "fields": {
    "name": "regaladolcezze.it",
    "price": "0.00",
    "end_time": "2018-08-30",
    "registar": 1,
    "registrant": null,
    "own": true,
    "to_renew": true,
    "calendar_id": null
  }
},
{
  "model": "main.domain",
  "pk": 114,
  "fields": {
    "name": "residenzapalazzovisdomini.com",
    "price": "0.00",
    "end_time": "2018-07-14",
    "registar": 1,
    "registrant": null,
    "own": true,
    "to_renew": true,
    "calendar_id": null
  }
},
{
  "model": "main.domain",
  "pk": 115,
  "fields": {
    "name": "reslaflex.com",
    "price": "0.00",
    "end_time": "2018-07-14",
    "registar": 1,
    "registrant": null,
    "own": true,
    "to_renew": true,
    "calendar_id": null
  }
},
{
  "model": "main.domain",
  "pk": 116,
  "fields": {
    "name": "reslaflex.it",
    "price": "0.00",
    "end_time": "2018-09-17",
    "registar": 1,
    "registrant": null,
    "own": true,
    "to_renew": true,
    "calendar_id": null
  }
},
{
  "model": "main.domain",
  "pk": 117,
  "fields": {
    "name": "rmutt1917.it",
    "price": "0.00",
    "end_time": "2018-05-16",
    "registar": 1,
    "registrant": null,
    "own": true,
    "to_renew": true,
    "calendar_id": null
  }
},
{
  "model": "main.domain",
  "pk": 118,
  "fields": {
    "name": "salimorabb.it",
    "price": "0.00",
    "end_time": "2019-01-20",
    "registar": 1,
    "registrant": null,
    "own": true,
    "to_renew": true,
    "calendar_id": null
  }
},
{
  "model": "main.domain",
  "pk": 119,
  "fields": {
    "name": "saradelizia.com",
    "price": "0.00",
    "end_time": "2018-08-04",
    "registar": 1,
    "registrant": null,
    "own": true,
    "to_renew": true,
    "calendar_id": null
  }
},
{
  "model": "main.domain",
  "pk": 120,
  "fields": {
    "name": "savethenerd.com",
    "price": "0.00",
    "end_time": "2018-06-17",
    "registar": 1,
    "registrant": null,
    "own": true,
    "to_renew": true,
    "calendar_id": null
  }
},
{
  "model": "main.domain",
  "pk": 121,
  "fields": {
    "name": "savethenerd.it",
    "price": "0.00",
    "end_time": "2019-03-05",
    "registar": 1,
    "registrant": null,
    "own": true,
    "to_renew": true,
    "calendar_id": null
  }
},
{
  "model": "main.domain",
  "pk": 122,
  "fields": {
    "name": "scusedisarri.it",
    "price": "0.00",
    "end_time": "2019-01-03",
    "registar": 1,
    "registrant": null,
    "own": true,
    "to_renew": true,
    "calendar_id": null
  }
},
{
  "model": "main.domain",
  "pk": 123,
  "fields": {
    "name": "silviabaroncelli.it",
    "price": "0.00",
    "end_time": "2018-10-08",
    "registar": 1,
    "registrant": null,
    "own": true,
    "to_renew": true,
    "calendar_id": null
  }
},
{
  "model": "main.domain",
  "pk": 124,
  "fields": {
    "name": "snapchatitalia.it",
    "price": "0.00",
    "end_time": "2018-11-27",
    "registar": 1,
    "registrant": null,
    "own": true,
    "to_renew": true,
    "calendar_id": null
  }
},
{
  "model": "main.domain",
  "pk": 125,
  "fields": {
    "name": "socialbusinesslabpt.org",
    "price": "0.00",
    "end_time": "2018-07-26",
    "registar": 1,
    "registrant": null,
    "own": true,
    "to_renew": true,
    "calendar_id": null
  }
},
{
  "model": "main.domain",
  "pk": 126,
  "fields": {
    "name": "sparkandwater.it",
    "price": "0.00",
    "end_time": "2018-05-16",
    "registar": 1,
    "registrant": null,
    "own": true,
    "to_renew": true,
    "calendar_id": null
  }
},
{
  "model": "main.domain",
  "pk": 127,
  "fields": {
    "name": "startupme.it",
    "price": "0.00",
    "end_time": "2018-05-24",
    "registar": 1,
    "registrant": null,
    "own": true,
    "to_renew": true,
    "calendar_id": null
  }
},
{
  "model": "main.domain",
  "pk": 128,
  "fields": {
    "name": "stronsi.it",
    "price": "0.00",
    "end_time": "2019-01-21",
    "registar": 1,
    "registrant": null,
    "own": true,
    "to_renew": true,
    "calendar_id": null
  }
},
{
  "model": "main.domain",
  "pk": 129,
  "fields": {
    "name": "svapesca.it",
    "price": "0.00",
    "end_time": "2019-02-03",
    "registar": 1,
    "registrant": null,
    "own": true,
    "to_renew": true,
    "calendar_id": null
  }
},
{
  "model": "main.domain",
  "pk": 130,
  "fields": {
    "name": "techbeam.it",
    "price": "0.00",
    "end_time": "2018-10-03",
    "registar": 1,
    "registrant": null,
    "own": true,
    "to_renew": true,
    "calendar_id": null
  }
},
{
  "model": "main.domain",
  "pk": 131,
  "fields": {
    "name": "teeser.eu",
    "price": "0.00",
    "end_time": "2020-06-19",
    "registar": 1,
    "registrant": null,
    "own": true,
    "to_renew": true,
    "calendar_id": null
  }
},
{
  "model": "main.domain",
  "pk": 132,
  "fields": {
    "name": "telodoioilweb.it",
    "price": "0.00",
    "end_time": "2018-03-15",
    "registar": 1,
    "registrant": null,
    "own": true,
    "to_renew": false,
    "calendar_id": null
  }
},
{
  "model": "main.domain",
  "pk": 133,
  "fields": {
    "name": "theartpostblog.com",
    "price": "0.00",
    "end_time": "2019-01-07",
    "registar": 1,
    "registrant": null,
    "own": true,
    "to_renew": true,
    "calendar_id": null
  }
},
{
  "model": "main.domain",
  "pk": 134,
  "fields": {
    "name": "thebagelcompany.co.uk",
    "price": "0.00",
    "end_time": "2019-11-14",
    "registar": 1,
    "registrant": null,
    "own": true,
    "to_renew": true,
    "calendar_id": null
  }
},
{
  "model": "main.domain",
  "pk": 135,
  "fields": {
    "name": "thebagelcompany.it",
    "price": "0.00",
    "end_time": "2018-11-18",
    "registar": 1,
    "registrant": null,
    "own": true,
    "to_renew": true,
    "calendar_id": null
  }
},
{
  "model": "main.domain",
  "pk": 136,
  "fields": {
    "name": "thebagelcompany.uk",
    "price": "0.00",
    "end_time": "2018-11-14",
    "registar": 1,
    "registrant": null,
    "own": true,
    "to_renew": true,
    "calendar_id": null
  }
},
{
  "model": "main.domain",
  "pk": 137,
  "fields": {
    "name": "thebagelfactory.it",
    "price": "0.00",
    "end_time": "2018-11-23",
    "registar": 1,
    "registrant": null,
    "own": true,
    "to_renew": true,
    "calendar_id": null
  }
},
{
  "model": "main.domain",
  "pk": 138,
  "fields": {
    "name": "thebagelfactory.uk",
    "price": "0.00",
    "end_time": "2018-11-14",
    "registar": 1,
    "registrant": null,
    "own": true,
    "to_renew": true,
    "calendar_id": null
  }
},
{
  "model": "main.domain",
  "pk": 139,
  "fields": {
    "name": "therougemisscake.com",
    "price": "0.00",
    "end_time": "2018-11-19",
    "registar": 1,
    "registrant": null,
    "own": true,
    "to_renew": true,
    "calendar_id": null
  }
},
{
  "model": "main.domain",
  "pk": 140,
  "fields": {
    "name": "therougemisscake.it",
    "price": "0.00",
    "end_time": "2018-10-05",
    "registar": 1,
    "registrant": null,
    "own": true,
    "to_renew": true,
    "calendar_id": null
  }
},
{
  "model": "main.domain",
  "pk": 141,
  "fields": {
    "name": "turismopistoia.it",
    "price": "0.00",
    "end_time": "2019-02-19",
    "registar": 1,
    "registrant": null,
    "own": true,
    "to_renew": true,
    "calendar_id": null
  }
},
{
  "model": "main.domain",
  "pk": 142,
  "fields": {
    "name": "uapc.it",
    "price": "0.00",
    "end_time": "2018-05-04",
    "registar": 1,
    "registrant": null,
    "own": true,
    "to_renew": true,
    "calendar_id": null
  }
},
{
  "model": "main.domain",
  "pk": 143,
  "fields": {
    "name": "unbiscottoalgiorno.com",
    "price": "0.00",
    "end_time": "2018-05-25",
    "registar": 1,
    "registrant": null,
    "own": true,
    "to_renew": true,
    "calendar_id": null
  }
},
{
  "model": "main.domain",
  "pk": 144,
  "fields": {
    "name": "verdurecotte.it",
    "price": "0.00",
    "end_time": "2018-11-04",
    "registar": 1,
    "registrant": null,
    "own": true,
    "to_renew": true,
    "calendar_id": null
  }
},
{
  "model": "main.domain",
  "pk": 145,
  "fields": {
    "name": "web-agency.tv",
    "price": "0.00",
    "end_time": "2019-03-18",
    "registar": 1,
    "registrant": null,
    "own": true,
    "to_renew": true,
    "calendar_id": "qug30vaqmdutle51n2lbq5ikb8"
  }
},
{
  "model": "main.domain",
  "pk": 146,
  "fields": {
    "name": "wepersonal.com",
    "price": "0.00",
    "end_time": "2019-03-07",
    "registar": 1,
    "registrant": null,
    "own": true,
    "to_renew": true,
    "calendar_id": null
  }
},
{
  "model": "main.domain",
  "pk": 147,
  "fields": {
    "name": "weweddings.it",
    "price": "0.00",
    "end_time": "2018-07-11",
    "registar": 1,
    "registrant": null,
    "own": true,
    "to_renew": true,
    "calendar_id": null
  }
},
{
  "model": "main.domain",
  "pk": 148,
  "fields": {
    "name": "yachtcarhouse.com",
    "price": "0.00",
    "end_time": "2019-03-11",
    "registar": 1,
    "registrant": null,
    "own": true,
    "to_renew": true,
    "calendar_id": null
  }
},
{
  "model": "main.domain",
  "pk": 149,
  "fields": {
    "name": "zoodipistoia.it",
    "price": "0.00",
    "end_time": "2018-11-17",
    "registar": 1,
    "registrant": null,
    "own": true,
    "to_renew": true,
    "calendar_id": null
  }
},
{
  "model": "main.domain",
  "pk": 150,
  "fields": {
    "name": "alcinemaconceradicupra.it",
    "price": "6.50",
    "end_time": "2018-10-14",
    "registar": 3,
    "registrant": 1,
    "own": true,
    "to_renew": false,
    "calendar_id": null
  }
},
{
  "model": "main.domain",
  "pk": 151,
  "fields": {
    "name": "aldopasetti.it",
    "price": "6.50",
    "end_time": "2018-04-16",
    "registar": 3,
    "registrant": 1,
    "own": true,
    "to_renew": true,
    "calendar_id": null
  }
},
{
  "model": "main.domain",
  "pk": 152,
  "fields": {
    "name": "capitano1905.com",
    "price": "9.75",
    "end_time": "2019-03-13",
    "registar": 3,
    "registrant": 1,
    "own": true,
    "to_renew": true,
    "calendar_id": null
  }
},
{
  "model": "main.domain",
  "pk": 153,
  "fields": {
    "name": "capitano1905.it",
    "price": "6.50",
    "end_time": "2019-03-13",
    "registar": 3,
    "registrant": 1,
    "own": true,
    "to_renew": true,
    "calendar_id": null
  }
},
{
  "model": "main.domain",
  "pk": 154,
  "fields": {
    "name": "ceradicupra.it",
    "price": "6.50",
    "end_time": "2019-03-17",
    "registar": 3,
    "registrant": 1,
    "own": true,
    "to_renew": true,
    "calendar_id": null
  }
},
{
  "model": "main.domain",
  "pk": 155,
  "fields": {
    "name": "ceradicupramilano.com",
    "price": "9.75",
    "end_time": "2019-03-13",
    "registar": 3,
    "registrant": 1,
    "own": true,
    "to_renew": true,
    "calendar_id": null
  }
},
{
  "model": "main.domain",
  "pk": 156,
  "fields": {
    "name": "ceradicupramilano.it",
    "price": "6.50",
    "end_time": "2019-03-13",
    "registar": 3,
    "registrant": 1,
    "own": true,
    "to_renew": true,
    "calendar_id": null
  }
},
{
  "model": "main.domain",
  "pk": 157,
  "fields": {
    "name": "ciccarelli.it",
    "price": "6.50",
    "end_time": "2018-04-29",
    "registar": 3,
    "registrant": 1,
    "own": true,
    "to_renew": true,
    "calendar_id": null
  }
},
{
  "model": "main.domain",
  "pk": 158,
  "fields": {
    "name": "ciccarelliblogger.com",
    "price": "9.75",
    "end_time": "2019-03-27",
    "registar": 3,
    "registrant": 1,
    "own": true,
    "to_renew": true,
    "calendar_id": null
  }
},
{
  "model": "main.domain",
  "pk": 159,
  "fields": {
    "name": "ciccarelliblogger.it",
    "price": "6.50",
    "end_time": "2018-10-03",
    "registar": 3,
    "registrant": 1,
    "own": true,
    "to_renew": true,
    "calendar_id": null
  }
},
{
  "model": "main.domain",
  "pk": 160,
  "fields": {
    "name": "ciccarellishowroom.com",
    "price": "9.75",
    "end_time": "2019-03-13",
    "registar": 3,
    "registrant": 1,
    "own": true,
    "to_renew": true,
    "calendar_id": null
  }
},
{
  "model": "main.domain",
  "pk": 161,
  "fields": {
    "name": "ciccarellishowroom.it",
    "price": "6.50",
    "end_time": "2019-03-13",
    "registar": 3,
    "registrant": 1,
    "own": true,
    "to_renew": true,
    "calendar_id": null
  }
},
{
  "model": "main.domain",
  "pk": 162,
  "fields": {
    "name": "cupramilano.com",
    "price": "9.75",
    "end_time": "2019-03-13",
    "registar": 3,
    "registrant": 1,
    "own": true,
    "to_renew": true,
    "calendar_id": null
  }
},
{
  "model": "main.domain",
  "pk": 163,
  "fields": {
    "name": "cupramilano.it",
    "price": "6.50",
    "end_time": "2019-03-13",
    "registar": 3,
    "registrant": 1,
    "own": true,
    "to_renew": true,
    "calendar_id": null
  }
},
{
  "model": "main.domain",
  "pk": 164,
  "fields": {
    "name": "declaril.it",
    "price": "6.50",
    "end_time": "2019-03-12",
    "registar": 3,
    "registrant": 1,
    "own": true,
    "to_renew": true,
    "calendar_id": null
  }
},
{
  "model": "main.domain",
  "pk": 165,
  "fields": {
    "name": "dimensioneuomo.net",
    "price": "11.50",
    "end_time": "2019-01-17",
    "registar": 3,
    "registrant": 1,
    "own": true,
    "to_renew": true,
    "calendar_id": null
  }
},
{
  "model": "main.domain",
  "pk": 166,
  "fields": {
    "name": "guantopresaponato.it",
    "price": "6.50",
    "end_time": "2018-04-14",
    "registar": 3,
    "registrant": 1,
    "own": true,
    "to_renew": true,
    "calendar_id": null
  }
},
{
  "model": "main.domain",
  "pk": 167,
  "fields": {
    "name": "intiley.it",
    "price": "6.50",
    "end_time": "2019-03-12",
    "registar": 3,
    "registrant": 1,
    "own": true,
    "to_renew": true,
    "calendar_id": null
  }
},
{
  "model": "main.domain",
  "pk": 168,
  "fields": {
    "name": "lofficinale.it",
    "price": "6.50",
    "end_time": "2019-03-17",
    "registar": 3,
    "registrant": 1,
    "own": true,
    "to_renew": true,
    "calendar_id": null
  }
},
{
  "model": "main.domain",
  "pk": 169,
  "fields": {
    "name": "oxactive.it",
    "price": "6.50",
    "end_time": "2019-03-13",
    "registar": 3,
    "registrant": 1,
    "own": true,
    "to_renew": true,
    "calendar_id": null
  }
},
{
  "model": "main.domain",
  "pk": 170,
  "fields": {
    "name": "partidaipiedi.com",
    "price": "9.75",
    "end_time": "2019-03-23",
    "registar": 3,
    "registrant": 1,
    "own": true,
    "to_renew": true,
    "calendar_id": null
  }
},
{
  "model": "main.domain",
  "pk": 171,
  "fields": {
    "name": "partidaipiedi.it",
    "price": "6.50",
    "end_time": "2019-03-13",
    "registar": 3,
    "registrant": 1,
    "own": true,
    "to_renew": true,
    "calendar_id": null
  }
},
{
  "model": "main.domain",
  "pk": 172,
  "fields": {
    "name": "pastadelcapitano.com",
    "price": "9.75",
    "end_time": "2019-03-13",
    "registar": 3,
    "registrant": 1,
    "own": true,
    "to_renew": true,
    "calendar_id": null
  }
},
{
  "model": "main.domain",
  "pk": 173,
  "fields": {
    "name": "pastadelcapitano.it",
    "price": "6.50",
    "end_time": "2019-03-13",
    "registar": 3,
    "registrant": 1,
    "own": true,
    "to_renew": true,
    "calendar_id": null
  }
},
{
  "model": "main.domain",
  "pk": 174,
  "fields": {
    "name": "pastadelcapitano1905.com",
    "price": "9.75",
    "end_time": "2019-03-13",
    "registar": 3,
    "registrant": 1,
    "own": true,
    "to_renew": true,
    "calendar_id": null
  }
},
{
  "model": "main.domain",
  "pk": 175,
  "fields": {
    "name": "pastadelcapitano1905.it",
    "price": "6.50",
    "end_time": "2019-03-13",
    "registar": 3,
    "registrant": 1,
    "own": true,
    "to_renew": true,
    "calendar_id": null
  }
},
{
  "model": "main.domain",
  "pk": 176,
  "fields": {
    "name": "rigeneraeproteggi.com",
    "price": "9.75",
    "end_time": "2018-11-15",
    "registar": 3,
    "registrant": 1,
    "own": true,
    "to_renew": true,
    "calendar_id": null
  }
},
{
  "model": "main.domain",
  "pk": 177,
  "fields": {
    "name": "rigeneraeproteggi.it",
    "price": "6.50",
    "end_time": "2018-11-15",
    "registar": 3,
    "registrant": 1,
    "own": true,
    "to_renew": true,
    "calendar_id": "63ah0idtf6o0lkfs0sdbuknt9s"
  }
},
{
  "model": "main.domain",
  "pk": 178,
  "fields": {
    "name": "rigenerazionesmalto.it",
    "price": "6.50",
    "end_time": "2018-11-15",
    "registar": 3,
    "registrant": 1,
    "own": true,
    "to_renew": true,
    "calendar_id": null
  }
},
{
  "model": "main.domain",
  "pk": 179,
  "fields": {
    "name": "saporidascoprire.it",
    "price": "6.50",
    "end_time": "2018-07-22",
    "registar": 3,
    "registrant": 1,
    "own": true,
    "to_renew": false,
    "calendar_id": null
  }
},
{
  "model": "main.domain",
  "pk": 180,
  "fields": {
    "name": "siamotutticapitano.it",
    "price": "6.50",
    "end_time": "2018-08-26",
    "registar": 3,
    "registrant": 1,
    "own": true,
    "to_renew": true,
    "calendar_id": null
  }
},
{
  "model": "main.domain",
  "pk": 181,
  "fields": {
    "name": "slowfootmilano.com",
    "price": "9.75",
    "end_time": "2019-03-13",
    "registar": 3,
    "registrant": 1,
    "own": true,
    "to_renew": true,
    "calendar_id": null
  }
},
{
  "model": "main.domain",
  "pk": 182,
  "fields": {
    "name": "sos-pelle.it",
    "price": "6.50",
    "end_time": "2019-03-17",
    "registar": 3,
    "registrant": 1,
    "own": true,
    "to_renew": true,
    "calendar_id": null
  }
},
{
  "model": "main.domain",
  "pk": 183,
  "fields": {
    "name": "sosciccarelli.com",
    "price": "9.75",
    "end_time": "2018-07-27",
    "registar": 3,
    "registrant": 1,
    "own": true,
    "to_renew": true,
    "calendar_id": null
  }
},
{
  "model": "main.domain",
  "pk": 184,
  "fields": {
    "name": "sosciccarelli.it",
    "price": "6.50",
    "end_time": "2018-07-27",
    "registar": 3,
    "registrant": 1,
    "own": true,
    "to_renew": true,
    "calendar_id": null
  }
},
{
  "model": "main.domain",
  "pk": 185,
  "fields": {
    "name": "sosdenti.com",
    "price": "9.75",
    "end_time": "2018-11-16",
    "registar": 3,
    "registrant": 1,
    "own": true,
    "to_renew": true,
    "calendar_id": null
  }
},
{
  "model": "main.domain",
  "pk": 186,
  "fields": {
    "name": "sosdenti.it",
    "price": "6.50",
    "end_time": "2018-11-15",
    "registar": 3,
    "registrant": 1,
    "own": true,
    "to_renew": true,
    "calendar_id": null
  }
},
{
  "model": "main.domain",
  "pk": 187,
  "fields": {
    "name": "sospelle.com",
    "price": "9.75",
    "end_time": "2018-07-07",
    "registar": 3,
    "registrant": 1,
    "own": true,
    "to_renew": true,
    "calendar_id": "m3v75v8imstcblujdrp2h6lmjg"
  }
},
{
  "model": "main.domain",
  "pk": 188,
  "fields": {
    "name": "sospelle.it",
    "price": "6.50",
    "end_time": "2018-07-07",
    "registar": 3,
    "registrant": 1,
    "own": true,
    "to_renew": true,
    "calendar_id": null
  }
},
{
  "model": "main.domain",
  "pk": 189,
  "fields": {
    "name": "stoptheparty.it",
    "price": "6.50",
    "end_time": "2018-10-14",
    "registar": 3,
    "registrant": 1,
    "own": true,
    "to_renew": true,
    "calendar_id": null
  }
},
{
  "model": "main.domain",
  "pk": 190,
  "fields": {
    "name": "timodore.com",
    "price": "9.75",
    "end_time": "2019-03-12",
    "registar": 3,
    "registrant": 1,
    "own": true,
    "to_renew": true,
    "calendar_id": null
  }
},
{
  "model": "main.domain",
  "pk": 191,
  "fields": {
    "name": "timodore.it",
    "price": "6.50",
    "end_time": "2019-12-03",
    "registar": 3,
    "registrant": 1,
    "own": true,
    "to_renew": true,
    "calendar_id": null
  }
},
{
  "model": "main.domain",
  "pk": 192,
  "fields": {
    "name": "sparkandwater.com",
    "price": "0.00",
    "end_time": "2018-05-19",
    "registar": 4,
    "registrant": null,
    "own": true,
    "to_renew": true,
    "calendar_id": null
  }
},
{
  "model": "main.domain",
  "pk": 193,
  "fields": {
    "name": "zest.today",
    "price": "0.00",
    "end_time": "2019-03-18",
    "registar": 4,
    "registrant": null,
    "own": true,
    "to_renew": true,
    "calendar_id": null
  }
},
{
  "model": "main.domain",
  "pk": 194,
  "fields": {
    "name": "ciccarelli.ru",
    "price": "34.99",
    "end_time": "2019-02-04",
    "registar": 5,
    "registrant": 1,
    "own": true,
    "to_renew": true,
    "calendar_id": null
  }
},
{
  "model": "main.domain",
  "pk": 195,
  "fields": {
    "name": "pastadelcapitano.ru",
    "price": "34.99",
    "end_time": "2019-02-04",
    "registar": 5,
    "registrant": 1,
    "own": true,
    "to_renew": true,
    "calendar_id": null
  }
},
{
  "model": "main.domain",
  "pk": 196,
  "fields": {
    "name": "lotrek.agency",
    "price": "0.00",
    "end_time": "2018-06-01",
    "registar": 5,
    "registrant": null,
    "own": true,
    "to_renew": true,
    "calendar_id": null
  }
},
{
  "model": "main.domain",
  "pk": 197,
  "fields": {
    "name": "robertobartoli.pt",
    "price": "0.00",
    "end_time": "2018-04-21",
    "registar": 5,
    "registrant": null,
    "own": true,
    "to_renew": true,
    "calendar_id": null
  }
},
{
  "model": "main.domain",
  "pk": 198,
  "fields": {
    "name": "areascensori.it",
    "price": "0.00",
    "end_time": "2019-01-15",
    "registar": 6,
    "registrant": null,
    "own": true,
    "to_renew": true,
    "calendar_id": "0qqqcjr7bkr6jpk1vr8rigm8fg"
  }
},
{
  "model": "main.domain",
  "pk": 199,
  "fields": {
    "name": "pfgstyle.com",
    "price": "0.00",
    "end_time": "2018-12-22",
    "registar": 6,
    "registrant": null,
    "own": true,
    "to_renew": true,
    "calendar_id": null
  }
},
{
  "model": "main.domain",
  "pk": 200,
  "fields": {
    "name": "theglossymag.com",
    "price": "0.00",
    "end_time": "2018-09-28",
    "registar": 6,
    "registrant": null,
    "own": true,
    "to_renew": true,
    "calendar_id": "9d1f8mvaig31paul5fa0r4s1ig"
  }
},
{
  "model": "main.certificateseller",
  "pk": 1,
  "fields": {
    "name": "namecheap-cutlite",
    "panel_seller": "https://www.namecheap.com/myaccount/login.aspx",
    "username_panel_seller": "siaelen",
    "password_panel_seller": "Lotrek2018"
  }
},
{
  "model": "main.certificateseller",
  "pk": 2,
  "fields": {
    "name": "namecheap-lotrek",
    "panel_seller": "https://www.namecheap.com/myaccount/login.aspx",
    "username_panel_seller": "lotrekwebagency",
    "password_panel_seller": "mylotrek321!!!"
  }
},
{
  "model": "main.certificate",
  "pk": 1,
  "fields": {
    "name": "ciccarelli.it",
    "end_time": "2018-05-31",
    "seller": null,
    "customer": 1,
    "calendar_id": null
  }
},
{
  "model": "main.certificate",
  "pk": 2,
  "fields": {
    "name": "ceradicupra.it",
    "end_time": "2018-09-01",
    "seller": null,
    "customer": 1,
    "calendar_id": null
  }
},
{
  "model": "main.certificate",
  "pk": 3,
  "fields": {
    "name": "pastadelcapitano.it",
    "end_time": "2018-09-01",
    "seller": null,
    "customer": 1,
    "calendar_id": null
  }
},
{
  "model": "main.certificate",
  "pk": 4,
  "fields": {
    "name": "timodore.it",
    "end_time": "2018-05-31",
    "seller": null,
    "customer": 1,
    "calendar_id": null
  }
},
{
  "model": "main.certificate",
  "pk": 5,
  "fields": {
    "name": "capitano1905.com",
    "end_time": "2018-05-31",
    "seller": null,
    "customer": 1,
    "calendar_id": null
  }
},
{
  "model": "main.certificate",
  "pk": 6,
  "fields": {
    "name": "cupramilano.com",
    "end_time": "2018-05-31",
    "seller": null,
    "customer": 1,
    "calendar_id": null
  }
},
{
  "model": "main.certificate",
  "pk": 7,
  "fields": {
    "name": "ciccarelliblogger.it",
    "end_time": "2018-05-31",
    "seller": null,
    "customer": 1,
    "calendar_id": null
  }
},
{
  "model": "main.certificate",
  "pk": 8,
  "fields": {
    "name": "declaril.it",
    "end_time": "2018-05-31",
    "seller": null,
    "customer": 1,
    "calendar_id": null
  }
},
{
  "model": "main.certificate",
  "pk": 9,
  "fields": {
    "name": "intiley.it",
    "end_time": "2018-05-31",
    "seller": null,
    "customer": 1,
    "calendar_id": null
  }
},
{
  "model": "main.certificate",
  "pk": 10,
  "fields": {
    "name": "sosciccarelli.it",
    "end_time": "2018-09-22",
    "seller": null,
    "customer": 1,
    "calendar_id": "db0hiadr699f0clm6bbjq9h60s"
  }
},
{
  "model": "main.certificate",
  "pk": 11,
  "fields": {
    "name": "lotrek.it",
    "end_time": "2018-05-19",
    "seller": null,
    "customer": 22,
    "calendar_id": null
  }
},
{
  "model": "main.certificate",
  "pk": 12,
  "fields": {
    "name": "cuccioletti.it",
    "end_time": "2018-05-22",
    "seller": null,
    "customer": null,
    "calendar_id": null
  }
},
{
  "model": "main.certificate",
  "pk": 13,
  "fields": {
    "name": "ladredipiante.com",
    "end_time": "2018-12-06",
    "seller": null,
    "customer": null,
    "calendar_id": null
  }
},
{
  "model": "main.certificate",
  "pk": 14,
  "fields": {
    "name": "elettrotecnicaagostiini.it",
    "end_time": "2019-02-25",
    "seller": null,
    "customer": null,
    "calendar_id": null
  }
},
{
  "model": "main.certificate",
  "pk": 15,
  "fields": {
    "name": "coopagritur.com",
    "end_time": "2018-09-01",
    "seller": null,
    "customer": null,
    "calendar_id": null
  }
},
{
  "model": "main.certificate",
  "pk": 16,
  "fields": {
    "name": "zoodipistoia.it",
    "end_time": "2019-10-25",
    "seller": null,
    "customer": null,
    "calendar_id": null
  }
},
{
  "model": "main.certificate",
  "pk": 17,
  "fields": {
    "name": "sparkandwater.com",
    "end_time": "2020-01-13",
    "seller": null,
    "customer": null,
    "calendar_id": null
  }
},
{
  "model": "main.certificate",
  "pk": 18,
  "fields": {
    "name": "amanuda.it",
    "end_time": "2018-09-01",
    "seller": null,
    "customer": null,
    "calendar_id": null
  }
},
{
  "model": "main.certificate",
  "pk": 19,
  "fields": {
    "name": "baldiflex.it",
    "end_time": "2018-06-10",
    "seller": null,
    "customer": null,
    "calendar_id": null
  }
},
{
  "model": "main.certificate",
  "pk": 20,
  "fields": {
    "name": "tuscanyfarmflorence.com",
    "end_time": "2018-05-22",
    "seller": null,
    "customer": null,
    "calendar_id": "6on1t4cgddb0h09rq0nd9ncroo"
  }
},
{
  "model": "main.reseller",
  "pk": 1,
  "fields": {
    "name": "ovh"
  }
},
{
  "model": "main.reseller",
  "pk": 2,
  "fields": {
    "name": "vhosting"
  }
},
{
  "model": "main.reseller",
  "pk": 3,
  "fields": {
    "name": "hezner"
  }
},
{
  "model": "main.reseller",
  "pk": 4,
  "fields": {
    "name": "xlogic"
  }
},
{
  "model": "main.machine",
  "pk": 1,
  "fields": {
    "name": "Lotrek",
    "name_on_reseller": "cx20",
    "server_address": "88.99.86.252",
    "ssh_username": "root",
    "ssh_password": "bctQ9A5nY3HCRe",
    "end_time": "2018-09-16",
    "reseller": 3,
    "reseller_panel": "https://robot.your-server.de",
    "reseller_panel_username": "lotreksoci",
    "reseller_panel_password": "Denrtsan!18!",
    "online_panel": "https://88.99.86.252:8443",
    "online_panel_username": "admin",
    "online_panel_password": "bctQ9A5nY3HCRe",
    "root_permissions": true,
    "management_contract": true,
    "price": "0.00",
    "calendar_id": null
  }
},
{
  "model": "main.machine",
  "pk": 2,
  "fields": {
    "name": "TVL Server",
    "name_on_reseller": "0",
    "server_address": "158.255.193.27",
    "ssh_username": "tvl",
    "ssh_password": "tvl$2017",
    "end_time": null,
    "reseller": null,
    "reseller_panel": null,
    "reseller_panel_username": null,
    "reseller_panel_password": null,
    "online_panel": "0",
    "online_panel_username": null,
    "online_panel_password": null,
    "root_permissions": true,
    "management_contract": false,
    "price": "0.00",
    "calendar_id": null
  }
},
{
  "model": "main.machine",
  "pk": 3,
  "fields": {
    "name": "EG Server",
    "name_on_reseller": "dh25.cs.nexin.i",
    "server_address": "82.145.161.182",
    "ssh_username": "admin",
    "ssh_password": "h53n1bVa",
    "end_time": null,
    "reseller": null,
    "reseller_panel": null,
    "reseller_panel_username": null,
    "reseller_panel_password": null,
    "online_panel": "https://dh25.cs.nexin.it:8443",
    "online_panel_username": "admin",
    "online_panel_password": "h53n1bVa",
    "root_permissions": true,
    "management_contract": false,
    "price": "0.00",
    "calendar_id": null
  }
},
{
  "model": "main.machine",
  "pk": 4,
  "fields": {
    "name": "CuccioLadre",
    "name_on_reseller": "vps361689.ovh.net",
    "server_address": "193.70.84.80",
    "ssh_username": "root",
    "ssh_password": "3US0ytWK",
    "end_time": "2019-01-08",
    "reseller": 1,
    "reseller_panel": "",
    "reseller_panel_username": "",
    "reseller_panel_password": "",
    "online_panel": "0",
    "online_panel_username": "",
    "online_panel_password": "",
    "root_permissions": true,
    "management_contract": true,
    "price": "0.00",
    "calendar_id": "pqmur84p0ohgpskk7euq4ufomc"
  }
},
{
  "model": "main.machine",
  "pk": 5,
  "fields": {
    "name": "Baldiflex",
    "name_on_reseller": "vps358380.ovh.net",
    "server_address": "193.70.41.0",
    "ssh_username": "root",
    "ssh_password": "D03Bm3vt",
    "end_time": "2018-12-28",
    "reseller": 1,
    "reseller_panel": "https://www.ovh.com/auth/?action=gotomanager&from=https://www.ovh.it/",
    "reseller_panel_username": "bm680597-ovh",
    "reseller_panel_password": "Denrtsan1!",
    "online_panel": "193.70.41.0:2087",
    "online_panel_username": "root",
    "online_panel_password": "D03Bm3vt",
    "root_permissions": true,
    "management_contract": true,
    "price": "0.00",
    "calendar_id": null
  }
},
{
  "model": "main.machine",
  "pk": 6,
  "fields": {
    "name": "Mega server Ovh",
    "name_on_reseller": "ns345846.ip-37-187-167.eu",
    "server_address": "37.187.167.191",
    "ssh_username": "root",
    "ssh_password": "zzmCSYiSxPff",
    "end_time": "2018-03-31",
    "reseller": 1,
    "reseller_panel": "https://www.ovh.com",
    "reseller_panel_username": "bm680597-ovh",
    "reseller_panel_password": "Denrtsan1!",
    "online_panel": "https://37.187.167.191:2087",
    "online_panel_username": "root",
    "online_panel_password": "zzmCSYiSxPff",
    "root_permissions": true,
    "management_contract": true,
    "price": "0.00",
    "calendar_id": "21dbpcjul6tj6cvco33mtn0c4g"
  }
},
{
  "model": "main.machine",
  "pk": 7,
  "fields": {
    "name": "Ciccarelli",
    "name_on_reseller": "000311.vhostingservices.com",
    "server_address": "178.63.175.17",
    "ssh_username": "root",
    "ssh_password": "myHost!!CICCA!!",
    "end_time": "2018-08-28",
    "reseller": 2,
    "reseller_panel": "https://www.vhosting-it.com/clients/clientarea.php",
    "reseller_panel_username": "marco@lotrek.it",
    "reseller_panel_password": "C1ccarelli",
    "online_panel": "178.63.175.17:8080",
    "online_panel_username": "admin",
    "online_panel_password": "myHost!!Admin!!",
    "root_permissions": true,
    "management_contract": true,
    "price": "0.00",
    "calendar_id": null
  }
},
{
  "model": "main.machine",
  "pk": 8,
  "fields": {
    "name": "Bagel",
    "name_on_reseller": "vps384877.ovh.net",
    "server_address": "91.134.133.235",
    "ssh_username": "root",
    "ssh_password": "TfiWJ3Kq",
    "end_time": "2019-03-07",
    "reseller": 1,
    "reseller_panel": null,
    "reseller_panel_username": null,
    "reseller_panel_password": null,
    "online_panel": "91.134.133.235:2087",
    "online_panel_username": "root",
    "online_panel_password": "TfiWJ3Kq",
    "root_permissions": true,
    "management_contract": true,
    "price": "0.00",
    "calendar_id": null
  }
},
{
  "model": "main.machine",
  "pk": 9,
  "fields": {
    "name": "Server di Test",
    "name_on_reseller": "vps339049.ovh.net",
    "server_address": "213.32.70.154",
    "ssh_username": "root",
    "ssh_password": "F4E51El4",
    "end_time": "2018-04-14",
    "reseller": 1,
    "reseller_panel": "https://www.ovh.com",
    "reseller_panel_username": "bm840595-ovh",
    "reseller_panel_password": "bellomo321!!!",
    "online_panel": "213.32.70.154:2087",
    "online_panel_username": "root",
    "online_panel_password": "F4E51El4",
    "root_permissions": true,
    "management_contract": true,
    "price": "0.00",
    "calendar_id": null
  }
},
{
  "model": "main.machine",
  "pk": 10,
  "fields": {
    "name": "Tenco",
    "name_on_reseller": "tenco",
    "server_address": "51.255.201.136",
    "ssh_username": "root",
    "ssh_password": "rnzVrn@6N;9A",
    "end_time": "2018-07-10",
    "reseller": 1,
    "reseller_panel": "https://www.ovh.com",
    "reseller_panel_username": "tg78256-ovh",
    "reseller_panel_password": "doselite2016!",
    "online_panel": "51.255.201.136:2087",
    "online_panel_username": "root",
    "online_panel_password": "rnzVrn@6N;9A",
    "root_permissions": true,
    "management_contract": true,
    "price": "0.00",
    "calendar_id": null
  }
},
{
  "model": "main.machine",
  "pk": 11,
  "fields": {
    "name": "Cutlite",
    "name_on_reseller": "cutlitepenta.com",
    "server_address": "95.110.205.56",
    "ssh_username": "adminlotrek",
    "ssh_password": "AL2k17%%",
    "end_time": null,
    "reseller": null,
    "reseller_panel": null,
    "reseller_panel_username": null,
    "reseller_panel_password": null,
    "online_panel": "nonpresente",
    "online_panel_username": null,
    "online_panel_password": null,
    "root_permissions": true,
    "management_contract": false,
    "price": "0.00",
    "calendar_id": null
  }
},
{
  "model": "main.machine",
  "pk": 12,
  "fields": {
    "name": "Vhosting Macchina Grande",
    "name_on_reseller": "607991.vhosting-it.com",
    "server_address": "213.133.111.66",
    "ssh_username": null,
    "ssh_password": null,
    "end_time": "2018-04-20",
    "reseller": 2,
    "reseller_panel": "https://www.vhosting-it.com/clients/clientarea.php",
    "reseller_panel_username": "admin@lotrek.it",
    "reseller_panel_password": "denrtsan1",
    "online_panel": "213.133.111.66:8443",
    "online_panel_username": "vhs3116",
    "online_panel_password": "8f7Ztq2#Rp4",
    "root_permissions": false,
    "management_contract": true,
    "price": "0.00",
    "calendar_id": null
  }
},
{
  "model": "main.machine",
  "pk": 13,
  "fields": {
    "name": "Sparkandwater-server",
    "name_on_reseller": "web.luna.vhosting-it.com",
    "server_address": "94.130.94.9",
    "ssh_username": null,
    "ssh_password": null,
    "end_time": "2018-07-07",
    "reseller": 2,
    "reseller_panel": null,
    "reseller_panel_username": null,
    "reseller_panel_password": null,
    "online_panel": "94.130.94.9:8443",
    "online_panel_username": "sparkand",
    "online_panel_password": "9cBof7#8",
    "root_permissions": false,
    "management_contract": true,
    "price": "0.00",
    "calendar_id": null
  }
},
{
  "model": "main.machine",
  "pk": 14,
  "fields": {
    "name": "Wepersonal-server",
    "name_on_reseller": "web.pandora.vhosting-it.com",
    "server_address": "94.130.94.9",
    "ssh_username": null,
    "ssh_password": null,
    "end_time": "2018-06-07",
    "reseller": 2,
    "reseller_panel": null,
    "reseller_panel_username": null,
    "reseller_panel_password": null,
    "online_panel": "https://web.pandora.vhosting-it.com:8443",
    "online_panel_username": "weperson",
    "online_panel_password": "Y4hYy0u8y1",
    "root_permissions": false,
    "management_contract": true,
    "price": "0.00",
    "calendar_id": null
  }
},
{
  "model": "main.machine",
  "pk": 15,
  "fields": {
    "name": "Spark-and-water-server-mail",
    "name_on_reseller": "server-mail-spark-and-water",
    "server_address": "88.198.96.89",
    "ssh_username": null,
    "ssh_password": null,
    "end_time": "2018-07-07",
    "reseller": null,
    "reseller_panel": null,
    "reseller_panel_username": null,
    "reseller_panel_password": null,
    "online_panel": "https://email1-wh.vhosting-it.com:8443",
    "online_panel_username": "sparkand",
    "online_panel_password": "keY87aI8o5",
    "root_permissions": false,
    "management_contract": true,
    "price": "0.00",
    "calendar_id": null
  }
},
{
  "model": "main.machine",
  "pk": 16,
  "fields": {
    "name": "We-personal-server-mail",
    "name_on_reseller": "we-personal-server-mail",
    "server_address": "178.63.171.193",
    "ssh_username": null,
    "ssh_password": null,
    "end_time": "2018-06-07",
    "reseller": 2,
    "reseller_panel": null,
    "reseller_panel_username": null,
    "reseller_panel_password": null,
    "online_panel": "https://email3-wh.vhosting-it.com:8443",
    "online_panel_username": "weperson",
    "online_panel_password": "AZ893fzif4",
    "root_permissions": false,
    "management_contract": true,
    "price": "0.00",
    "calendar_id": null
  }
},
{
  "model": "main.machine",
  "pk": 17,
  "fields": {
    "name": "X-logic-frazionabile",
    "name_on_reseller": "svapesca",
    "server_address": "185.38.44.227",
    "ssh_username": null,
    "ssh_password": null,
    "end_time": "2018-08-06",
    "reseller": 4,
    "reseller_panel": "https://xlogic.org/area-clienti/clientarea.php",
    "reseller_panel_username": "admin@lotrek.it",
    "reseller_panel_password": "lotrek18",
    "online_panel": "http://xlogic500.org:2086/",
    "online_panel_username": "lotrek",
    "online_panel_password": "myPes321!!",
    "root_permissions": false,
    "management_contract": true,
    "price": "0.00",
    "calendar_id": null
  }
},
{
  "model": "main.machine",
  "pk": 18,
  "fields": {
    "name": "Server-Agostini",
    "name_on_reseller": "Server-Agostini",
    "server_address": "5.9.252.141",
    "ssh_username": null,
    "ssh_password": null,
    "end_time": "2018-06-23",
    "reseller": 2,
    "reseller_panel": "https://www.vhosting-it.com/clients/clientarea.php",
    "reseller_panel_username": "info@elettrotecnicaagostini.it",
    "reseller_panel_password": "3CP0OSBsuo",
    "online_panel": "https://5.9.252.141:8443",
    "online_panel_username": "vhs6088",
    "online_panel_password": "683hiG__",
    "root_permissions": false,
    "management_contract": true,
    "price": "0.00",
    "calendar_id": null
  }
},
{
  "model": "main.machine",
  "pk": 19,
  "fields": {
    "name": "Cs-michelangelo",
    "name_on_reseller": "Cs-michelangelo",
    "server_address": "81.29.208.237",
    "ssh_username": null,
    "ssh_password": null,
    "end_time": null,
    "reseller": null,
    "reseller_panel": null,
    "reseller_panel_username": null,
    "reseller_panel_password": null,
    "online_panel": "http://81.29.208.237:8443",
    "online_panel_username": "a198374",
    "online_panel_password": "M33fnBYy",
    "root_permissions": false,
    "management_contract": false,
    "price": "0.00",
    "calendar_id": null
  }
},
{
  "model": "main.machine",
  "pk": 20,
  "fields": {
    "name": "Frascio Server mail",
    "name_on_reseller": "Frascio Server mail",
    "server_address": "188.40.227.42",
    "ssh_username": null,
    "ssh_password": null,
    "end_time": "2018-09-08",
    "reseller": 1,
    "reseller_panel": "https://www.vhosting-it.com/clients/clientarea.php",
    "reseller_panel_username": "admin@lotrek.it",
    "reseller_panel_password": null,
    "online_panel": "https://panel.mx1.vhostingcloud.com:8443/",
    "online_panel_username": "frascioi",
    "online_panel_password": "8f7Ztq2@#Rp4",
    "root_permissions": false,
    "management_contract": true,
    "price": "15.00",
    "calendar_id": null
  }
},
{
  "model": "main.payment",
  "pk": 1,
  "fields": {
    "name": "Ciccarelli Gestione Server e Domini",
    "customer": 1,
    "price": "0.00",
    "month": "12",
    "end_time": "2018-12-31",
    "start_time": "2018-01-01",
    "note": "Domini e macchina server sono su loro pannello di cui noi abbiamo gestione, per\u00f2 i pagamenti passano su nostro paypal e noi poi li rifatturiamo loro",
    "paid": true,
    "calendar_id": null,
    "domains": [
      150,
      151,
      152,
      153,
      154,
      155,
      156,
      157,
      158,
      159,
      160,
      161,
      162,
      163,
      164,
      165,
      166,
      167,
      168,
      169,
      170,
      171,
      172,
      173,
      174,
      175,
      176,
      177,
      178,
      179,
      180,
      181,
      182,
      183,
      184,
      185,
      186,
      187,
      188,
      189,
      190,
      191
    ],
    "machines": [
      7
    ],
    "certificates": []
  }
},
{
  "model": "main.payment",
  "pk": 2,
  "fields": {
    "name": "WePersonal Gestione Server e dominio",
    "customer": 2,
    "price": "0.00",
    "month": "12",
    "end_time": "2018-06-01",
    "start_time": "2017-06-01",
    "note": "",
    "paid": true,
    "calendar_id": null,
    "domains": [
      4,
      146
    ],
    "machines": [
      14,
      16
    ],
    "certificates": []
  }
},
{
  "model": "main.payment",
  "pk": 3,
  "fields": {
    "name": "Spark and water gestione server e dominio",
    "customer": 3,
    "price": "0.00",
    "month": null,
    "end_time": null,
    "start_time": null,
    "note": null,
    "paid": false,
    "calendar_id": null,
    "domains": [
      126,
      192
    ],
    "machines": [
      13,
      15
    ],
    "certificates": []
  }
},
{
  "model": "main.payment",
  "pk": 4,
  "fields": {
    "name": "Tenco Gestione Server e Domini",
    "customer": 5,
    "price": "0.00",
    "month": null,
    "end_time": null,
    "start_time": null,
    "note": "Attenzione, che i domini e il server \u00e8 di loro propriet\u00e0 su loro pannello, noi glielo gestiamo soltanto",
    "paid": true,
    "calendar_id": null,
    "domains": [
      5,
      6,
      7,
      8,
      9,
      10,
      11,
      12,
      13,
      14,
      15,
      16,
      17
    ],
    "machines": [
      10
    ],
    "certificates": []
  }
},
{
  "model": "main.payment",
  "pk": 5,
  "fields": {
    "name": "Art Shop Gallery dominio + spazio su server",
    "customer": 6,
    "price": "70.00",
    "month": "12",
    "end_time": "2019-03-10",
    "start_time": "2018-03-10",
    "note": "",
    "paid": true,
    "calendar_id": null,
    "domains": [
      37
    ],
    "machines": [
      17
    ],
    "certificates": []
  }
},
{
  "model": "main.payment",
  "pk": 6,
  "fields": {
    "name": "Gymnasium spazio donna dominio + spazio su server",
    "customer": 7,
    "price": "70.00",
    "month": "12",
    "end_time": "2019-03-15",
    "start_time": "2018-03-15",
    "note": "",
    "paid": true,
    "calendar_id": null,
    "domains": [
      72
    ],
    "machines": [
      17
    ],
    "certificates": []
  }
},
{
  "model": "main.payment",
  "pk": 7,
  "fields": {
    "name": "Agriturismo Amedea dominio + spazio server",
    "customer": 8,
    "price": "70.00",
    "month": "12",
    "end_time": "2019-03-19",
    "start_time": "2018-03-19",
    "note": "",
    "paid": true,
    "calendar_id": "fd99qb7hs967nm2t9q9g7kofhs",
    "domains": [
      19
    ],
    "machines": [
      17
    ],
    "certificates": []
  }
},
{
  "model": "main.payment",
  "pk": 9,
  "fields": {
    "name": "Zest Today",
    "customer": 9,
    "price": "70.00",
    "month": "12",
    "end_time": "2019-03-18",
    "start_time": "2018-03-18",
    "note": "",
    "paid": true,
    "calendar_id": null,
    "domains": [
      193
    ],
    "machines": [
      12
    ],
    "certificates": []
  }
},
{
  "model": "main.payment",
  "pk": 10,
  "fields": {
    "name": "Eredy februari dominio + spazio server",
    "customer": 10,
    "price": "70.00",
    "month": "12",
    "end_time": "2019-03-28",
    "start_time": "2018-03-28",
    "note": "",
    "paid": false,
    "calendar_id": null,
    "domains": [
      68
    ],
    "machines": [
      17
    ],
    "certificates": []
  }
},
{
  "model": "main.payment",
  "pk": 11,
  "fields": {
    "name": "comeorganizzareilmatrimonio dominio + spazio server",
    "customer": 11,
    "price": "70.00",
    "month": "12",
    "end_time": "2019-03-31",
    "start_time": "2018-03-31",
    "note": "",
    "paid": false,
    "calendar_id": null,
    "domains": [
      52
    ],
    "machines": [
      12
    ],
    "certificates": []
  }
},
{
  "model": "main.payment",
  "pk": 12,
  "fields": {
    "name": "capitalecultura2017.it",
    "customer": 12,
    "price": "0.00",
    "month": "12",
    "end_time": "2019-04-15",
    "start_time": "2018-04-15",
    "note": "",
    "paid": false,
    "calendar_id": null,
    "domains": [
      49
    ],
    "machines": [],
    "certificates": []
  }
},
{
  "model": "main.payment",
  "pk": 13,
  "fields": {
    "name": "Frascio  assistenza tecnica mail",
    "customer": 13,
    "price": "150.00",
    "month": "3",
    "end_time": "2018-05-31",
    "start_time": "2018-03-01",
    "note": "",
    "paid": false,
    "calendar_id": null,
    "domains": [],
    "machines": [
      20
    ],
    "certificates": []
  }
},
{
  "model": "main.payment",
  "pk": 14,
  "fields": {
    "name": "Frascio domini + server",
    "customer": 13,
    "price": "300.00",
    "month": "12",
    "end_time": "2019-04-20",
    "start_time": "2018-04-20",
    "note": "",
    "paid": false,
    "calendar_id": null,
    "domains": [
      70,
      71
    ],
    "machines": [
      12
    ],
    "certificates": []
  }
},
{
  "model": "main.payment",
  "pk": 15,
  "fields": {
    "name": "consorzio ambulanti toscana dominio + spazio su server",
    "customer": 14,
    "price": "70.00",
    "month": "12",
    "end_time": "2019-04-20",
    "start_time": "2018-04-20",
    "note": "",
    "paid": false,
    "calendar_id": null,
    "domains": [
      53
    ],
    "machines": [
      12
    ],
    "certificates": []
  }
},
{
  "model": "main.payment",
  "pk": 16,
  "fields": {
    "name": "dominio roberto bartoli",
    "customer": 15,
    "price": "0.00",
    "month": "12",
    "end_time": "2019-04-21",
    "start_time": "2018-04-21",
    "note": "",
    "paid": false,
    "calendar_id": null,
    "domains": [
      197
    ],
    "machines": [],
    "certificates": []
  }
},
{
  "model": "main.payment",
  "pk": 17,
  "fields": {
    "name": "uapc dominio + spazio su server",
    "customer": 16,
    "price": "70.00",
    "month": "12",
    "end_time": "2019-05-04",
    "start_time": "2018-05-04",
    "note": "",
    "paid": false,
    "calendar_id": null,
    "domains": [
      142
    ],
    "machines": [
      17
    ],
    "certificates": []
  }
},
{
  "model": "main.payment",
  "pk": 18,
  "fields": {
    "name": "little monster chic dominio + server",
    "customer": 17,
    "price": "70.00",
    "month": "12",
    "end_time": "2019-05-09",
    "start_time": "2018-05-09",
    "note": "",
    "paid": false,
    "calendar_id": null,
    "domains": [
      83
    ],
    "machines": [
      12
    ],
    "certificates": []
  }
},
{
  "model": "main.payment",
  "pk": 19,
  "fields": {
    "name": "pistoiaturismo.it dominio + spazio server",
    "customer": 12,
    "price": "70.00",
    "month": "12",
    "end_time": "2019-05-09",
    "start_time": "2018-05-09",
    "note": "",
    "paid": false,
    "calendar_id": null,
    "domains": [
      108
    ],
    "machines": [
      12
    ],
    "certificates": []
  }
},
{
  "model": "main.payment",
  "pk": 20,
  "fields": {
    "name": "marcochistolini.it dominio + server",
    "customer": 18,
    "price": "70.00",
    "month": "12",
    "end_time": "2019-05-14",
    "start_time": "2018-05-14",
    "note": "",
    "paid": false,
    "calendar_id": null,
    "domains": [
      93
    ],
    "machines": [
      12
    ],
    "certificates": []
  }
},
{
  "model": "main.payment",
  "pk": 21,
  "fields": {
    "name": "Tenco gestione spazio server, posta, domini",
    "customer": 19,
    "price": "0.00",
    "month": "11",
    "end_time": "2018-04-30",
    "start_time": "2017-05-01",
    "note": "Domini, spazio server e posta sono sui loro server, dobbiamo solo gestirli, la fatturazione passa tutta da loro",
    "paid": true,
    "calendar_id": "02j6btn50gvmbmr5oqm76otl2k",
    "domains": [
      5,
      6,
      7,
      8,
      9,
      10,
      11,
      12,
      13,
      14,
      15,
      16,
      17
    ],
    "machines": [
      10
    ],
    "certificates": []
  }
},
{
  "model": "main.payment",
  "pk": 22,
  "fields": {
    "name": "Spark and water gestione server e dominio",
    "customer": 20,
    "price": "0.00",
    "month": null,
    "end_time": "2018-07-07",
    "start_time": null,
    "note": "",
    "paid": true,
    "calendar_id": null,
    "domains": [
      126,
      192
    ],
    "machines": [
      13,
      15
    ],
    "certificates": []
  }
},
{
  "model": "main.payment",
  "pk": 23,
  "fields": {
    "name": "rmutt1917 dominio + spazio server",
    "customer": 21,
    "price": "0.00",
    "month": "12",
    "end_time": "2019-05-16",
    "start_time": "2018-05-16",
    "note": "",
    "paid": false,
    "calendar_id": null,
    "domains": [
      117
    ],
    "machines": [
      17
    ],
    "certificates": []
  }
},
{
  "model": "main.payment",
  "pk": 24,
  "fields": {
    "name": "unbiscottoalgiorno.com",
    "customer": 23,
    "price": "70.00",
    "month": "12",
    "end_time": "2019-05-25",
    "start_time": "2018-05-25",
    "note": "",
    "paid": false,
    "calendar_id": null,
    "domains": [
      143
    ],
    "machines": [],
    "certificates": []
  }
},
{
  "model": "main.payment",
  "pk": 25,
  "fields": {
    "name": "labottegadilinchetto.com",
    "customer": null,
    "price": "70.00",
    "month": "12",
    "end_time": "2019-05-28",
    "start_time": "2018-05-28",
    "note": "",
    "paid": false,
    "calendar_id": null,
    "domains": [
      81
    ],
    "machines": [],
    "certificates": []
  }
},
{
  "model": "main.payment",
  "pk": 26,
  "fields": {
    "name": "ewamariapacini.it",
    "customer": null,
    "price": "70.00",
    "month": "12",
    "end_time": "2019-06-16",
    "start_time": "2018-06-16",
    "note": "",
    "paid": false,
    "calendar_id": null,
    "domains": [
      69
    ],
    "machines": [
      12
    ],
    "certificates": []
  }
},
{
  "model": "main.payment",
  "pk": 27,
  "fields": {
    "name": "paceshowroom domini + server",
    "customer": null,
    "price": "0.00",
    "month": "12",
    "end_time": "2019-06-19",
    "start_time": "2018-06-19",
    "note": "",
    "paid": false,
    "calendar_id": null,
    "domains": [
      100,
      101
    ],
    "machines": [
      6
    ],
    "certificates": []
  }
},
{
  "model": "main.payment",
  "pk": 28,
  "fields": {
    "name": "patrizio mezzani dominio + server",
    "customer": null,
    "price": "70.00",
    "month": "12",
    "end_time": "2019-06-26",
    "start_time": "2018-06-26",
    "note": "",
    "paid": false,
    "calendar_id": null,
    "domains": [
      103
    ],
    "machines": [
      17
    ],
    "certificates": []
  }
},
{
  "model": "main.payment",
  "pk": 29,
  "fields": {
    "name": "centrointerculturalepistoia.it",
    "customer": null,
    "price": "70.00",
    "month": "12",
    "end_time": "2019-07-03",
    "start_time": "2018-07-03",
    "note": "",
    "paid": false,
    "calendar_id": null,
    "domains": [
      51
    ],
    "machines": [
      17
    ],
    "certificates": []
  }
},
{
  "model": "main.payment",
  "pk": 30,
  "fields": {
    "name": "abetoneapm spazio server + domini",
    "customer": 12,
    "price": "70.00",
    "month": "12",
    "end_time": "2019-07-12",
    "start_time": "2018-07-12",
    "note": "",
    "paid": false,
    "calendar_id": null,
    "domains": [
      18
    ],
    "machines": [
      17
    ],
    "certificates": []
  }
},
{
  "model": "main.payment",
  "pk": 31,
  "fields": {
    "name": "residenzapalazzovisdomini spazio server + domini",
    "customer": null,
    "price": "70.00",
    "month": "12",
    "end_time": "2019-07-14",
    "start_time": "2018-07-14",
    "note": "",
    "paid": false,
    "calendar_id": null,
    "domains": [
      114
    ],
    "machines": [
      12
    ],
    "certificates": []
  }
},
{
  "model": "main.payment",
  "pk": 32,
  "fields": {
    "name": "puntocasadesign spazio server e domini",
    "customer": null,
    "price": "70.00",
    "month": "12",
    "end_time": "2019-07-22",
    "start_time": "2018-07-22",
    "note": "",
    "paid": false,
    "calendar_id": null,
    "domains": [
      111
    ],
    "machines": [
      17
    ],
    "certificates": []
  }
},
{
  "model": "main.payment",
  "pk": 33,
  "fields": {
    "name": "coopagritur.com",
    "customer": null,
    "price": "70.00",
    "month": "12",
    "end_time": "2019-07-24",
    "start_time": "2018-07-24",
    "note": "",
    "paid": false,
    "calendar_id": null,
    "domains": [
      54
    ],
    "machines": [
      12
    ],
    "certificates": [
      15
    ]
  }
},
{
  "model": "main.payment",
  "pk": 34,
  "fields": {
    "name": "punto-service dominio + spazio server",
    "customer": null,
    "price": "70.00",
    "month": "12",
    "end_time": "2019-07-26",
    "start_time": "2018-07-26",
    "note": "",
    "paid": false,
    "calendar_id": null,
    "domains": [
      110
    ],
    "machines": [
      12
    ],
    "certificates": []
  }
},
{
  "model": "main.payment",
  "pk": 35,
  "fields": {
    "name": "bizzarri maurizio spazio server + domini",
    "customer": null,
    "price": "0.00",
    "month": "12",
    "end_time": "2019-07-28",
    "start_time": "2018-07-28",
    "note": "",
    "paid": false,
    "calendar_id": null,
    "domains": [
      45,
      46
    ],
    "machines": [
      6
    ],
    "certificates": []
  }
},
{
  "model": "main.payment",
  "pk": 36,
  "fields": {
    "name": "daddysneatness dominio",
    "customer": null,
    "price": "70.00",
    "month": "12",
    "end_time": "2019-08-01",
    "start_time": "2018-08-01",
    "note": "",
    "paid": false,
    "calendar_id": null,
    "domains": [
      61
    ],
    "machines": [],
    "certificates": []
  }
},
{
  "model": "main.payment",
  "pk": 37,
  "fields": {
    "name": "italymaterassi dominio + server",
    "customer": null,
    "price": "0.00",
    "month": "12",
    "end_time": "2019-08-02",
    "start_time": "2018-08-02",
    "note": "",
    "paid": false,
    "calendar_id": null,
    "domains": [
      78,
      79
    ],
    "machines": [
      12
    ],
    "certificates": []
  }
},
{
  "model": "main.payment",
  "pk": 38,
  "fields": {
    "name": "easyparket dominio + spazio server",
    "customer": null,
    "price": "70.00",
    "month": "12",
    "end_time": "2019-09-22",
    "start_time": "2018-09-22",
    "note": "",
    "paid": false,
    "calendar_id": null,
    "domains": [
      66
    ],
    "machines": [
      12
    ],
    "certificates": []
  }
},
{
  "model": "main.payment",
  "pk": 39,
  "fields": {
    "name": "theglossymag spazio server + dominio",
    "customer": null,
    "price": "0.00",
    "month": "12",
    "end_time": "2019-09-28",
    "start_time": "2018-09-28",
    "note": "",
    "paid": false,
    "calendar_id": null,
    "domains": [
      200
    ],
    "machines": [],
    "certificates": []
  }
},
{
  "model": "main.payment",
  "pk": 40,
  "fields": {
    "name": "techbeam.it spazio server + domini",
    "customer": null,
    "price": "70.00",
    "month": "12",
    "end_time": "2019-10-03",
    "start_time": "2018-10-03",
    "note": "",
    "paid": false,
    "calendar_id": null,
    "domains": [
      130
    ],
    "machines": [
      12
    ],
    "certificates": []
  }
},
{
  "model": "main.payment",
  "pk": 41,
  "fields": {
    "name": "innocentisilvano spazio server + domini",
    "customer": null,
    "price": "70.00",
    "month": "12",
    "end_time": "2019-10-04",
    "start_time": "2018-10-04",
    "note": "",
    "paid": false,
    "calendar_id": null,
    "domains": [
      76
    ],
    "machines": [
      17
    ],
    "certificates": []
  }
},
{
  "model": "main.payment",
  "pk": 42,
  "fields": {
    "name": "weweddings spazio web + domini",
    "customer": null,
    "price": "70.00",
    "month": "12",
    "end_time": "2019-07-11",
    "start_time": "2018-07-11",
    "note": "",
    "paid": false,
    "calendar_id": null,
    "domains": [
      147
    ],
    "machines": [
      12
    ],
    "certificates": []
  }
},
{
  "model": "main.payment",
  "pk": 43,
  "fields": {
    "name": "bagelcompany domini + server dedicato",
    "customer": null,
    "price": "0.00",
    "month": null,
    "end_time": null,
    "start_time": null,
    "note": "",
    "paid": false,
    "calendar_id": null,
    "domains": [
      39,
      40,
      134,
      135,
      136,
      137,
      138
    ],
    "machines": [
      8
    ],
    "certificates": []
  }
},
{
  "model": "main.report",
  "pk": 48,
  "fields": {
    "project": 3,
    "date": "2018-02-28T11:28:06.198Z",
    "text": "[Errno 2] No such file or directory: '/Volumes/Maxtor/markino_bakup/eg-2018-02-28(12-28-06)-backup.zip'\n",
    "class_type": "BACK"
  }
},
{
  "model": "main.report",
  "pk": 49,
  "fields": {
    "project": 3,
    "date": "2018-02-28T11:32:03.891Z",
    "text": "[Errno 2] No such file or directory: '/Volumes/Maxtor/markino_bakup/eg-2018-02-28(12-32-03)-backup.zip'\n",
    "class_type": "BACK"
  }
},
{
  "model": "main.frontendtest",
  "pk": 1,
  "fields": {
    "project": 1,
    "url": "http://google.com",
    "test": "IN",
    "assertion": "Google"
  }
},
{
  "model": "main.deadline",
  "pk": 1,
  "fields": {
    "project": 3,
    "dead_type": "OTHR",
    "notes": "Muerto",
    "end_time": "2018-02-01"
  }
},
{
  "model": "auth.permission",
  "pk": 1,
  "fields": {
    "name": "Can add log entry",
    "content_type": 1,
    "codename": "add_logentry"
  }
},
{
  "model": "auth.permission",
  "pk": 2,
  "fields": {
    "name": "Can change log entry",
    "content_type": 1,
    "codename": "change_logentry"
  }
},
{
  "model": "auth.permission",
  "pk": 3,
  "fields": {
    "name": "Can delete log entry",
    "content_type": 1,
    "codename": "delete_logentry"
  }
},
{
  "model": "auth.permission",
  "pk": 4,
  "fields": {
    "name": "Can add group",
    "content_type": 2,
    "codename": "add_group"
  }
},
{
  "model": "auth.permission",
  "pk": 5,
  "fields": {
    "name": "Can change group",
    "content_type": 2,
    "codename": "change_group"
  }
},
{
  "model": "auth.permission",
  "pk": 6,
  "fields": {
    "name": "Can delete group",
    "content_type": 2,
    "codename": "delete_group"
  }
},
{
  "model": "auth.permission",
  "pk": 7,
  "fields": {
    "name": "Can add permission",
    "content_type": 3,
    "codename": "add_permission"
  }
},
{
  "model": "auth.permission",
  "pk": 8,
  "fields": {
    "name": "Can change permission",
    "content_type": 3,
    "codename": "change_permission"
  }
},
{
  "model": "auth.permission",
  "pk": 9,
  "fields": {
    "name": "Can delete permission",
    "content_type": 3,
    "codename": "delete_permission"
  }
},
{
  "model": "auth.permission",
  "pk": 10,
  "fields": {
    "name": "Can add content type",
    "content_type": 4,
    "codename": "add_contenttype"
  }
},
{
  "model": "auth.permission",
  "pk": 11,
  "fields": {
    "name": "Can change content type",
    "content_type": 4,
    "codename": "change_contenttype"
  }
},
{
  "model": "auth.permission",
  "pk": 12,
  "fields": {
    "name": "Can delete content type",
    "content_type": 4,
    "codename": "delete_contenttype"
  }
},
{
  "model": "auth.permission",
  "pk": 13,
  "fields": {
    "name": "Can add session",
    "content_type": 5,
    "codename": "add_session"
  }
},
{
  "model": "auth.permission",
  "pk": 14,
  "fields": {
    "name": "Can change session",
    "content_type": 5,
    "codename": "change_session"
  }
},
{
  "model": "auth.permission",
  "pk": 15,
  "fields": {
    "name": "Can delete session",
    "content_type": 5,
    "codename": "delete_session"
  }
},
{
  "model": "auth.permission",
  "pk": 16,
  "fields": {
    "name": "Can add frontend test",
    "content_type": 6,
    "codename": "add_frontendtest"
  }
},
{
  "model": "auth.permission",
  "pk": 17,
  "fields": {
    "name": "Can change frontend test",
    "content_type": 6,
    "codename": "change_frontendtest"
  }
},
{
  "model": "auth.permission",
  "pk": 18,
  "fields": {
    "name": "Can delete frontend test",
    "content_type": 6,
    "codename": "delete_frontendtest"
  }
},
{
  "model": "auth.permission",
  "pk": 19,
  "fields": {
    "name": "Can add project",
    "content_type": 7,
    "codename": "add_project"
  }
},
{
  "model": "auth.permission",
  "pk": 20,
  "fields": {
    "name": "Can change project",
    "content_type": 7,
    "codename": "change_project"
  }
},
{
  "model": "auth.permission",
  "pk": 21,
  "fields": {
    "name": "Can delete project",
    "content_type": 7,
    "codename": "delete_project"
  }
},
{
  "model": "auth.permission",
  "pk": 22,
  "fields": {
    "name": "Can add report",
    "content_type": 8,
    "codename": "add_report"
  }
},
{
  "model": "auth.permission",
  "pk": 23,
  "fields": {
    "name": "Can change report",
    "content_type": 8,
    "codename": "change_report"
  }
},
{
  "model": "auth.permission",
  "pk": 24,
  "fields": {
    "name": "Can delete report",
    "content_type": 8,
    "codename": "delete_report"
  }
},
{
  "model": "auth.permission",
  "pk": 25,
  "fields": {
    "name": "Can add user",
    "content_type": 9,
    "codename": "add_lotrekuser"
  }
},
{
  "model": "auth.permission",
  "pk": 26,
  "fields": {
    "name": "Can change user",
    "content_type": 9,
    "codename": "change_lotrekuser"
  }
},
{
  "model": "auth.permission",
  "pk": 27,
  "fields": {
    "name": "Can delete user",
    "content_type": 9,
    "codename": "delete_lotrekuser"
  }
},
{
  "model": "auth.permission",
  "pk": 28,
  "fields": {
    "name": "Can add periodic task",
    "content_type": 10,
    "codename": "add_periodictask"
  }
},
{
  "model": "auth.permission",
  "pk": 29,
  "fields": {
    "name": "Can change periodic task",
    "content_type": 10,
    "codename": "change_periodictask"
  }
},
{
  "model": "auth.permission",
  "pk": 30,
  "fields": {
    "name": "Can delete periodic task",
    "content_type": 10,
    "codename": "delete_periodictask"
  }
},
{
  "model": "auth.permission",
  "pk": 31,
  "fields": {
    "name": "Can add interval",
    "content_type": 11,
    "codename": "add_intervalschedule"
  }
},
{
  "model": "auth.permission",
  "pk": 32,
  "fields": {
    "name": "Can change interval",
    "content_type": 11,
    "codename": "change_intervalschedule"
  }
},
{
  "model": "auth.permission",
  "pk": 33,
  "fields": {
    "name": "Can delete interval",
    "content_type": 11,
    "codename": "delete_intervalschedule"
  }
},
{
  "model": "auth.permission",
  "pk": 34,
  "fields": {
    "name": "Can add crontab",
    "content_type": 12,
    "codename": "add_crontabschedule"
  }
},
{
  "model": "auth.permission",
  "pk": 35,
  "fields": {
    "name": "Can change crontab",
    "content_type": 12,
    "codename": "change_crontabschedule"
  }
},
{
  "model": "auth.permission",
  "pk": 36,
  "fields": {
    "name": "Can delete crontab",
    "content_type": 12,
    "codename": "delete_crontabschedule"
  }
},
{
  "model": "auth.permission",
  "pk": 37,
  "fields": {
    "name": "Can add periodic tasks",
    "content_type": 13,
    "codename": "add_periodictasks"
  }
},
{
  "model": "auth.permission",
  "pk": 38,
  "fields": {
    "name": "Can change periodic tasks",
    "content_type": 13,
    "codename": "change_periodictasks"
  }
},
{
  "model": "auth.permission",
  "pk": 39,
  "fields": {
    "name": "Can delete periodic tasks",
    "content_type": 13,
    "codename": "delete_periodictasks"
  }
},
{
  "model": "auth.permission",
  "pk": 40,
  "fields": {
    "name": "Can add saved group result",
    "content_type": 14,
    "codename": "add_tasksetmeta"
  }
},
{
  "model": "auth.permission",
  "pk": 41,
  "fields": {
    "name": "Can change saved group result",
    "content_type": 14,
    "codename": "change_tasksetmeta"
  }
},
{
  "model": "auth.permission",
  "pk": 42,
  "fields": {
    "name": "Can delete saved group result",
    "content_type": 14,
    "codename": "delete_tasksetmeta"
  }
},
{
  "model": "auth.permission",
  "pk": 43,
  "fields": {
    "name": "Can add task",
    "content_type": 15,
    "codename": "add_taskstate"
  }
},
{
  "model": "auth.permission",
  "pk": 44,
  "fields": {
    "name": "Can change task",
    "content_type": 15,
    "codename": "change_taskstate"
  }
},
{
  "model": "auth.permission",
  "pk": 45,
  "fields": {
    "name": "Can delete task",
    "content_type": 15,
    "codename": "delete_taskstate"
  }
},
{
  "model": "auth.permission",
  "pk": 46,
  "fields": {
    "name": "Can add worker",
    "content_type": 16,
    "codename": "add_workerstate"
  }
},
{
  "model": "auth.permission",
  "pk": 47,
  "fields": {
    "name": "Can change worker",
    "content_type": 16,
    "codename": "change_workerstate"
  }
},
{
  "model": "auth.permission",
  "pk": 48,
  "fields": {
    "name": "Can delete worker",
    "content_type": 16,
    "codename": "delete_workerstate"
  }
},
{
  "model": "auth.permission",
  "pk": 49,
  "fields": {
    "name": "Can add task state",
    "content_type": 17,
    "codename": "add_taskmeta"
  }
},
{
  "model": "auth.permission",
  "pk": 50,
  "fields": {
    "name": "Can change task state",
    "content_type": 17,
    "codename": "change_taskmeta"
  }
},
{
  "model": "auth.permission",
  "pk": 51,
  "fields": {
    "name": "Can delete task state",
    "content_type": 17,
    "codename": "delete_taskmeta"
  }
},
{
  "model": "auth.permission",
  "pk": 52,
  "fields": {
    "name": "Can add reseller",
    "content_type": 18,
    "codename": "add_reseller"
  }
},
{
  "model": "auth.permission",
  "pk": 53,
  "fields": {
    "name": "Can change reseller",
    "content_type": 18,
    "codename": "change_reseller"
  }
},
{
  "model": "auth.permission",
  "pk": 54,
  "fields": {
    "name": "Can delete reseller",
    "content_type": 18,
    "codename": "delete_reseller"
  }
},
{
  "model": "auth.permission",
  "pk": 55,
  "fields": {
    "name": "Can add machine",
    "content_type": 19,
    "codename": "add_machine"
  }
},
{
  "model": "auth.permission",
  "pk": 56,
  "fields": {
    "name": "Can change machine",
    "content_type": 19,
    "codename": "change_machine"
  }
},
{
  "model": "auth.permission",
  "pk": 57,
  "fields": {
    "name": "Can delete machine",
    "content_type": 19,
    "codename": "delete_machine"
  }
},
{
  "model": "auth.permission",
  "pk": 58,
  "fields": {
    "name": "Can add deadline",
    "content_type": 20,
    "codename": "add_deadline"
  }
},
{
  "model": "auth.permission",
  "pk": 59,
  "fields": {
    "name": "Can change deadline",
    "content_type": 20,
    "codename": "change_deadline"
  }
},
{
  "model": "auth.permission",
  "pk": 60,
  "fields": {
    "name": "Can delete deadline",
    "content_type": 20,
    "codename": "delete_deadline"
  }
},
{
  "model": "auth.permission",
  "pk": 61,
  "fields": {
    "name": "Can add domain",
    "content_type": 21,
    "codename": "add_domain"
  }
},
{
  "model": "auth.permission",
  "pk": 62,
  "fields": {
    "name": "Can change domain",
    "content_type": 21,
    "codename": "change_domain"
  }
},
{
  "model": "auth.permission",
  "pk": 63,
  "fields": {
    "name": "Can delete domain",
    "content_type": 21,
    "codename": "delete_domain"
  }
},
{
  "model": "auth.permission",
  "pk": 64,
  "fields": {
    "name": "Can add registar",
    "content_type": 22,
    "codename": "add_registar"
  }
},
{
  "model": "auth.permission",
  "pk": 65,
  "fields": {
    "name": "Can change registar",
    "content_type": 22,
    "codename": "change_registar"
  }
},
{
  "model": "auth.permission",
  "pk": 66,
  "fields": {
    "name": "Can delete registar",
    "content_type": 22,
    "codename": "delete_registar"
  }
},
{
  "model": "auth.permission",
  "pk": 67,
  "fields": {
    "name": "Can add certificate",
    "content_type": 23,
    "codename": "add_certificate"
  }
},
{
  "model": "auth.permission",
  "pk": 68,
  "fields": {
    "name": "Can change certificate",
    "content_type": 23,
    "codename": "change_certificate"
  }
},
{
  "model": "auth.permission",
  "pk": 69,
  "fields": {
    "name": "Can delete certificate",
    "content_type": 23,
    "codename": "delete_certificate"
  }
},
{
  "model": "auth.permission",
  "pk": 70,
  "fields": {
    "name": "Can add certificateseller",
    "content_type": 24,
    "codename": "add_certificateseller"
  }
},
{
  "model": "auth.permission",
  "pk": 71,
  "fields": {
    "name": "Can change certificateseller",
    "content_type": 24,
    "codename": "change_certificateseller"
  }
},
{
  "model": "auth.permission",
  "pk": 72,
  "fields": {
    "name": "Can delete certificateseller",
    "content_type": 24,
    "codename": "delete_certificateseller"
  }
},
{
  "model": "auth.permission",
  "pk": 73,
  "fields": {
    "name": "Can add domainregistrant",
    "content_type": 25,
    "codename": "add_domainregistrant"
  }
},
{
  "model": "auth.permission",
  "pk": 74,
  "fields": {
    "name": "Can change domainregistrant",
    "content_type": 25,
    "codename": "change_domainregistrant"
  }
},
{
  "model": "auth.permission",
  "pk": 75,
  "fields": {
    "name": "Can delete domainregistrant",
    "content_type": 25,
    "codename": "delete_domainregistrant"
  }
},
{
  "model": "auth.permission",
  "pk": 76,
  "fields": {
    "name": "Can add customer",
    "content_type": 26,
    "codename": "add_customer"
  }
},
{
  "model": "auth.permission",
  "pk": 77,
  "fields": {
    "name": "Can change customer",
    "content_type": 26,
    "codename": "change_customer"
  }
},
{
  "model": "auth.permission",
  "pk": 78,
  "fields": {
    "name": "Can delete customer",
    "content_type": 26,
    "codename": "delete_customer"
  }
},
{
  "model": "auth.permission",
  "pk": 79,
  "fields": {
    "name": "Can add payments",
    "content_type": 27,
    "codename": "add_payments"
  }
},
{
  "model": "auth.permission",
  "pk": 80,
  "fields": {
    "name": "Can change payments",
    "content_type": 27,
    "codename": "change_payments"
  }
},
{
  "model": "auth.permission",
  "pk": 81,
  "fields": {
    "name": "Can delete payments",
    "content_type": 27,
    "codename": "delete_payments"
  }
},
{
  "model": "auth.permission",
  "pk": 82,
  "fields": {
    "name": "Can add payment",
    "content_type": 27,
    "codename": "add_payment"
  }
},
{
  "model": "auth.permission",
  "pk": 83,
  "fields": {
    "name": "Can change payment",
    "content_type": 27,
    "codename": "change_payment"
  }
},
{
  "model": "auth.permission",
  "pk": 84,
  "fields": {
    "name": "Can delete payment",
    "content_type": 27,
    "codename": "delete_payment"
  }
},
{
  "model": "main.lotrekuser",
  "pk": 1,
  "fields": {
    "password": "pbkdf2_sha256$30000$Q01Kbjn2u5Od$cw2Tfqgjhy+D7s1Vq9zTT4gHgJ3ZSgTZ+lcD7rOyNpY=",
    "last_login": "2018-03-19T17:06:19.365Z",
    "is_superuser": true,
    "username": "admin",
    "first_name": "Andrea",
    "last_name": "Stagi",
    "email": "stagi.andrea@gmail.com",
    "is_staff": true,
    "is_active": true,
    "date_joined": "2017-03-09T01:49:51.197Z",
    "phone_number": "",
    "groups": [],
    "user_permissions": []
  }
},
{
  "model": "main.lotrekuser",
  "pk": 2,
  "fields": {
    "password": "pbkdf2_sha256$36000$9jOkDGMULw8t$KgeerT1JxteqiooaNhbqa5cSrGAS2o9j9qpgxbL2F+U=",
    "last_login": "2018-03-16T09:51:18.784Z",
    "is_superuser": true,
    "username": "marco",
    "first_name": "Marco",
    "last_name": "Bellomo",
    "email": "marco@lotrek.it",
    "is_staff": true,
    "is_active": true,
    "date_joined": "2018-02-28T11:13:46.968Z",
    "phone_number": null,
    "groups": [],
    "user_permissions": []
  }
},
{
  "model": "main.project",
  "pk": 1,
  "fields": {
    "name": "New Lotrek",
    "slug": "new-lotrek",
    "live_url": "https://www.lotrek.it",
    "machine": 1,
    "backup_sync_folders": "/var/www/vhosts/lotrek.it/new.lotrek.it/media\r\n/var/www/vhosts/lotrek.it/new.lotrek.it/locale",
    "backup_archive": "/var/www/vhosts/lotrek.it/new.lotrek.it/backup.zip",
    "backup_script": "cd /var/www/vhosts/lotrek.it/new.lotrek.it\r\nrm -rf backup\r\nrm -rf backup.zip\r\nmkdir backup\r\nmysqldump admin_dblot --password='lCc10r^6' --user='dbutl' > backup/dbdump.sql\r\nzip -r backup/locale.zip locale\r\n. venv/bin/activate\r\nzip -r backup.zip backup",
    "backup_active": true,
    "team": [
      1
    ]
  }
},
{
  "model": "main.project",
  "pk": 2,
  "fields": {
    "name": "TVL",
    "slug": "tvl",
    "live_url": "http://tvl.lotrek.it/",
    "machine": 2,
    "backup_sync_folders": "/var/www/html/core/media",
    "backup_archive": "/var/www/html/core/backup.zip",
    "backup_script": "echo 'tvl$2017' | sudo -S ls\r\ncd /var/www/html/core\r\necho 'tvl$2017' | sudo -S rm -f backup.zip\r\necho 'tvl$2017' | sudo -S rm -rf backup\r\necho 'tvl$2017' | sudo -S mkdir backup\r\necho 'tvl$2017' | sudo -S chmod -R 777 backup\r\n. venv/bin/activate\r\npython manage.py dumpdata --exclude=contenttypes --exclude=auth.Permission > backup/database.json\r\necho 'tvl$2017' | sudo -S zip -r backup.zip backup",
    "backup_active": false,
    "team": [
      1
    ]
  }
},
{
  "model": "main.project",
  "pk": 3,
  "fields": {
    "name": "EG",
    "slug": "eg",
    "live_url": "https://www.eglab.it/",
    "machine": 3,
    "backup_sync_folders": "media\r\nlocale",
    "backup_archive": "backup.zip",
    "backup_script": "rm -rf backup\r\nrm -rf backup.zip\r\nmkdir backup\r\necho 'h53n1bVa' | sudo -S PGPASSWORD=\"admin\" pg_dump -h localhost -p 5432 -U postgres2 eg2 > backup/egdb.sql\r\nzip -r backup.zip backup\r\necho 'h53n1bVa' | sudo -S cp -r /var/www/vhosts/lotrek.it/eg.lotrek.it/eg_site/media .\r\necho 'h53n1bVa' | sudo -S cp -r /var/www/vhosts/lotrek.it/eg.lotrek.it/eg_site/locale .\r\necho 'h53n1bVa' | sudo -S chmod -R 777 ./media\r\necho 'h53n1bVa' | sudo -S chmod -R 777 ./locale",
    "backup_active": true,
    "team": [
      1
    ]
  }
},
{
  "model": "main.project",
  "pk": 4,
  "fields": {
    "name": "Cuccioletti",
    "slug": "cuccioletti",
    "live_url": "https://cuccioletti.it/",
    "machine": 4,
    "backup_sync_folders": "/home/cuccioletti/www/pub",
    "backup_archive": "/home/cuccioletti/www/backup.zip",
    "backup_script": "cd /home/cuccioletti/www/\r\nrm -rf backup\r\nrm -rf backup.zip\r\nmkdir backup\r\nmysqldump cuccioletti_db --password='kS7Tre3!yfzb' --user='cuccioletti_user' > backup/dbdump.sql\r\nzip -r backup.zip backup",
    "backup_active": false,
    "team": [
      1
    ]
  }
},
{
  "model": "main.project",
  "pk": 5,
  "fields": {
    "name": "Baldiflex",
    "slug": "baldiflex",
    "live_url": "https://baldiflex.it/",
    "machine": 5,
    "backup_sync_folders": "/home/baldiflex/www/wp-content/uploads",
    "backup_archive": "/home/baldiflex/www/backup.zip",
    "backup_script": "cd /home/baldiflex/www\r\nrm -rf backup\r\nrm -rf backup.zip\r\nmkdir backup\r\nmysqldump baldifle_dbbd --password='6nwe35N2TMNX!' --user='baldifle_utdbmy' > backup/dbdump.sql\r\nzip -r backup.zip backup",
    "backup_active": false,
    "team": [
      1
    ]
  }
},
{
  "model": "main.project",
  "pk": 6,
  "fields": {
    "name": "Ladre di piante",
    "slug": "ladre-di-piante",
    "live_url": "https://www.ladredipiante.com/",
    "machine": 4,
    "backup_sync_folders": "/home/ladredipiante/www/pub",
    "backup_archive": "/home/ladredipiante/www/backup.zip",
    "backup_script": "cd /home/ladredipiante/www/\r\nrm -rf backup\r\nrm -rf backup.zip\r\nmkdir backup\r\nmysqldump ladredipiante_definitivo --password='!O!ZxnQI!X6B' --user='ladredipiante_ut' > backup/dbdump.sql\r\nzip -r backup.zip backup",
    "backup_active": true,
    "team": [
      1
    ]
  }
},
{
  "model": "main.project",
  "pk": 7,
  "fields": {
    "name": "Bagel",
    "slug": "bagel",
    "live_url": "https://www.bagelfactory.co.uk/",
    "machine": 8,
    "backup_sync_folders": "/home/lotrek/www/bagel/bagel_site/media\r\n/home/lotrek/www/bagel/bagel_site/locale",
    "backup_archive": "/home/lotrek/www/bagel/bagel_site/backup.zip",
    "backup_script": "cd /home/lotrek/www/bagel/bagel_site\r\nrm -rf backup\r\nrm -rf backup.zip\r\nmkdir backup\r\nmysqldump lotrek_bagel --password='d!J!IG!DqHz!' --user='lotrek_ba' > backup/dbdump.sql\r\nzip -r backup/locale.zip locale\r\n. venv/bin/activate\r\nzip -r backup.zip backup",
    "backup_active": true,
    "team": [
      1,
      2
    ]
  }
},
{
  "model": "admin.logentry",
  "pk": 1,
  "fields": {
    "action_time": "2017-04-09T12:53:11.886Z",
    "user": 1,
    "content_type": 7,
    "object_id": "1",
    "object_repr": "New Lotrek",
    "action_flag": 1,
    "change_message": "[{\"added\": {}}]"
  }
},
{
  "model": "admin.logentry",
  "pk": 2,
  "fields": {
    "action_time": "2017-04-09T13:03:35.150Z",
    "user": 1,
    "content_type": 7,
    "object_id": "1",
    "object_repr": "New Lotrek",
    "action_flag": 2,
    "change_message": "[{\"changed\": {\"fields\": [\"server\", \"username\", \"password\", \"backup_archive\", \"backup_script\"]}}]"
  }
},
{
  "model": "admin.logentry",
  "pk": 3,
  "fields": {
    "action_time": "2017-04-09T13:05:21.078Z",
    "user": 1,
    "content_type": 7,
    "object_id": "1",
    "object_repr": "New Lotrek",
    "action_flag": 2,
    "change_message": "[]"
  }
},
{
  "model": "admin.logentry",
  "pk": 4,
  "fields": {
    "action_time": "2017-04-09T13:05:51.224Z",
    "user": 1,
    "content_type": 7,
    "object_id": "1",
    "object_repr": "New Lotrek",
    "action_flag": 2,
    "change_message": "[]"
  }
},
{
  "model": "admin.logentry",
  "pk": 5,
  "fields": {
    "action_time": "2017-04-09T13:36:36.320Z",
    "user": 1,
    "content_type": 7,
    "object_id": "1",
    "object_repr": "New Lotrek",
    "action_flag": 2,
    "change_message": "[{\"changed\": {\"fields\": [\"server_address\", \"ssh_password\"]}}]"
  }
},
{
  "model": "admin.logentry",
  "pk": 6,
  "fields": {
    "action_time": "2017-04-09T13:46:40.245Z",
    "user": 1,
    "content_type": 7,
    "object_id": "1",
    "object_repr": "New Lotrek 1",
    "action_flag": 2,
    "change_message": "[{\"changed\": {\"fields\": [\"name\", \"backup_active\"]}}]"
  }
},
{
  "model": "admin.logentry",
  "pk": 7,
  "fields": {
    "action_time": "2017-04-09T13:46:47.563Z",
    "user": 1,
    "content_type": 7,
    "object_id": "1",
    "object_repr": "New Lotrek",
    "action_flag": 2,
    "change_message": "[{\"changed\": {\"fields\": [\"name\"]}}]"
  }
},
{
  "model": "admin.logentry",
  "pk": 8,
  "fields": {
    "action_time": "2017-04-09T14:47:24.613Z",
    "user": 1,
    "content_type": 7,
    "object_id": "1",
    "object_repr": "New Lotrek",
    "action_flag": 2,
    "change_message": "[{\"changed\": {\"fields\": [\"backup_script\"]}}]"
  }
},
{
  "model": "admin.logentry",
  "pk": 9,
  "fields": {
    "action_time": "2017-04-09T14:53:43.604Z",
    "user": 1,
    "content_type": 7,
    "object_id": "1",
    "object_repr": "New Lotrek",
    "action_flag": 2,
    "change_message": "[]"
  }
},
{
  "model": "admin.logentry",
  "pk": 10,
  "fields": {
    "action_time": "2017-04-09T17:01:23.981Z",
    "user": 1,
    "content_type": 8,
    "object_id": "5",
    "object_repr": "[BACK] Sunday, 09. April 2017 05:01PM",
    "action_flag": 3,
    "change_message": ""
  }
},
{
  "model": "admin.logentry",
  "pk": 11,
  "fields": {
    "action_time": "2017-04-09T17:01:23.983Z",
    "user": 1,
    "content_type": 8,
    "object_id": "4",
    "object_repr": "[BACK] Sunday, 09. April 2017 05:00PM",
    "action_flag": 3,
    "change_message": ""
  }
},
{
  "model": "admin.logentry",
  "pk": 12,
  "fields": {
    "action_time": "2017-04-09T17:01:23.984Z",
    "user": 1,
    "content_type": 8,
    "object_id": "3",
    "object_repr": "[TEST] Sunday, 09. April 2017 04:54PM",
    "action_flag": 3,
    "change_message": ""
  }
},
{
  "model": "admin.logentry",
  "pk": 13,
  "fields": {
    "action_time": "2017-04-09T17:01:23.986Z",
    "user": 1,
    "content_type": 8,
    "object_id": "2",
    "object_repr": "[TEST] Sunday, 09. April 2017 04:52PM",
    "action_flag": 3,
    "change_message": ""
  }
},
{
  "model": "admin.logentry",
  "pk": 14,
  "fields": {
    "action_time": "2017-04-09T17:01:23.987Z",
    "user": 1,
    "content_type": 8,
    "object_id": "1",
    "object_repr": "[TEST] Sunday, 09. April 2017 04:51PM",
    "action_flag": 3,
    "change_message": ""
  }
},
{
  "model": "admin.logentry",
  "pk": 15,
  "fields": {
    "action_time": "2017-04-10T19:21:33.940Z",
    "user": 1,
    "content_type": 7,
    "object_id": "1",
    "object_repr": "New Lotrek",
    "action_flag": 2,
    "change_message": "[{\"changed\": {\"fields\": [\"backup_script\", \"backup_sync_folders\"]}}]"
  }
},
{
  "model": "admin.logentry",
  "pk": 16,
  "fields": {
    "action_time": "2017-04-10T19:27:17.178Z",
    "user": 1,
    "content_type": 7,
    "object_id": "1",
    "object_repr": "New Lotrek",
    "action_flag": 2,
    "change_message": "[{\"changed\": {\"fields\": [\"backup_sync_folders\"]}}]"
  }
},
{
  "model": "admin.logentry",
  "pk": 17,
  "fields": {
    "action_time": "2017-04-11T11:28:16.816Z",
    "user": 1,
    "content_type": 7,
    "object_id": "2",
    "object_repr": "TVL",
    "action_flag": 1,
    "change_message": "[{\"added\": {}}]"
  }
},
{
  "model": "admin.logentry",
  "pk": 18,
  "fields": {
    "action_time": "2017-04-11T11:28:23.751Z",
    "user": 1,
    "content_type": 7,
    "object_id": "2",
    "object_repr": "TVL",
    "action_flag": 2,
    "change_message": "[]"
  }
},
{
  "model": "admin.logentry",
  "pk": 19,
  "fields": {
    "action_time": "2017-04-11T11:38:43.430Z",
    "user": 1,
    "content_type": 19,
    "object_id": "1",
    "object_repr": "Lotrek",
    "action_flag": 1,
    "change_message": "[{\"added\": {}}]"
  }
},
{
  "model": "admin.logentry",
  "pk": 20,
  "fields": {
    "action_time": "2017-04-11T11:38:56.149Z",
    "user": 1,
    "content_type": 7,
    "object_id": "1",
    "object_repr": "New Lotrek",
    "action_flag": 2,
    "change_message": "[{\"changed\": {\"fields\": [\"machine\"]}}]"
  }
},
{
  "model": "admin.logentry",
  "pk": 21,
  "fields": {
    "action_time": "2017-04-13T14:55:21.821Z",
    "user": 1,
    "content_type": 19,
    "object_id": "2",
    "object_repr": "TVL Server",
    "action_flag": 1,
    "change_message": "[{\"added\": {}}]"
  }
},
{
  "model": "admin.logentry",
  "pk": 22,
  "fields": {
    "action_time": "2017-04-13T15:01:51.605Z",
    "user": 1,
    "content_type": 7,
    "object_id": "2",
    "object_repr": "TVL",
    "action_flag": 2,
    "change_message": "[{\"changed\": {\"fields\": [\"machine\", \"backup_active\"]}}]"
  }
},
{
  "model": "admin.logentry",
  "pk": 23,
  "fields": {
    "action_time": "2017-04-13T15:19:42.561Z",
    "user": 1,
    "content_type": 7,
    "object_id": "1",
    "object_repr": "New Lotrek",
    "action_flag": 2,
    "change_message": "[{\"changed\": {\"fields\": [\"backup_active\"]}}]"
  }
},
{
  "model": "admin.logentry",
  "pk": 24,
  "fields": {
    "action_time": "2017-04-13T15:51:02.841Z",
    "user": 1,
    "content_type": 7,
    "object_id": "1",
    "object_repr": "New Lotrek",
    "action_flag": 2,
    "change_message": "[{\"changed\": {\"fields\": [\"backup_active\"]}}]"
  }
},
{
  "model": "admin.logentry",
  "pk": 25,
  "fields": {
    "action_time": "2017-04-13T15:51:37.673Z",
    "user": 1,
    "content_type": 8,
    "object_id": "30",
    "object_repr": "[BACK] Thursday, 13. April 2017 03:21PM",
    "action_flag": 3,
    "change_message": ""
  }
},
{
  "model": "admin.logentry",
  "pk": 26,
  "fields": {
    "action_time": "2017-04-13T15:51:37.676Z",
    "user": 1,
    "content_type": 8,
    "object_id": "29",
    "object_repr": "[BACK] Thursday, 13. April 2017 03:20PM",
    "action_flag": 3,
    "change_message": ""
  }
},
{
  "model": "admin.logentry",
  "pk": 27,
  "fields": {
    "action_time": "2017-04-13T15:51:37.678Z",
    "user": 1,
    "content_type": 8,
    "object_id": "28",
    "object_repr": "[BACK] Thursday, 13. April 2017 03:17PM",
    "action_flag": 3,
    "change_message": ""
  }
},
{
  "model": "admin.logentry",
  "pk": 28,
  "fields": {
    "action_time": "2017-04-13T15:51:37.679Z",
    "user": 1,
    "content_type": 8,
    "object_id": "27",
    "object_repr": "[BACK] Thursday, 13. April 2017 03:17PM",
    "action_flag": 3,
    "change_message": ""
  }
},
{
  "model": "admin.logentry",
  "pk": 29,
  "fields": {
    "action_time": "2017-04-13T15:51:37.681Z",
    "user": 1,
    "content_type": 8,
    "object_id": "26",
    "object_repr": "[BACK] Thursday, 13. April 2017 03:17PM",
    "action_flag": 3,
    "change_message": ""
  }
},
{
  "model": "admin.logentry",
  "pk": 30,
  "fields": {
    "action_time": "2017-04-13T15:51:37.682Z",
    "user": 1,
    "content_type": 8,
    "object_id": "25",
    "object_repr": "[BACK] Thursday, 13. April 2017 03:17PM",
    "action_flag": 3,
    "change_message": ""
  }
},
{
  "model": "admin.logentry",
  "pk": 31,
  "fields": {
    "action_time": "2017-04-13T15:51:37.684Z",
    "user": 1,
    "content_type": 8,
    "object_id": "24",
    "object_repr": "[BACK] Thursday, 13. April 2017 03:17PM",
    "action_flag": 3,
    "change_message": ""
  }
},
{
  "model": "admin.logentry",
  "pk": 32,
  "fields": {
    "action_time": "2017-04-13T15:51:37.687Z",
    "user": 1,
    "content_type": 8,
    "object_id": "23",
    "object_repr": "[BACK] Thursday, 13. April 2017 03:17PM",
    "action_flag": 3,
    "change_message": ""
  }
},
{
  "model": "admin.logentry",
  "pk": 33,
  "fields": {
    "action_time": "2017-04-13T15:51:37.688Z",
    "user": 1,
    "content_type": 8,
    "object_id": "22",
    "object_repr": "[BACK] Thursday, 13. April 2017 03:17PM",
    "action_flag": 3,
    "change_message": ""
  }
},
{
  "model": "admin.logentry",
  "pk": 34,
  "fields": {
    "action_time": "2017-04-13T15:51:37.690Z",
    "user": 1,
    "content_type": 8,
    "object_id": "21",
    "object_repr": "[BACK] Thursday, 13. April 2017 03:17PM",
    "action_flag": 3,
    "change_message": ""
  }
},
{
  "model": "admin.logentry",
  "pk": 35,
  "fields": {
    "action_time": "2017-04-13T15:51:37.692Z",
    "user": 1,
    "content_type": 8,
    "object_id": "20",
    "object_repr": "[BACK] Thursday, 13. April 2017 03:17PM",
    "action_flag": 3,
    "change_message": ""
  }
},
{
  "model": "admin.logentry",
  "pk": 36,
  "fields": {
    "action_time": "2017-04-13T15:51:37.694Z",
    "user": 1,
    "content_type": 8,
    "object_id": "19",
    "object_repr": "[BACK] Thursday, 13. April 2017 03:17PM",
    "action_flag": 3,
    "change_message": ""
  }
},
{
  "model": "admin.logentry",
  "pk": 37,
  "fields": {
    "action_time": "2017-04-13T15:51:37.696Z",
    "user": 1,
    "content_type": 8,
    "object_id": "18",
    "object_repr": "[BACK] Thursday, 13. April 2017 03:17PM",
    "action_flag": 3,
    "change_message": ""
  }
},
{
  "model": "admin.logentry",
  "pk": 38,
  "fields": {
    "action_time": "2017-04-13T15:51:37.698Z",
    "user": 1,
    "content_type": 8,
    "object_id": "17",
    "object_repr": "[BACK] Thursday, 13. April 2017 03:17PM",
    "action_flag": 3,
    "change_message": ""
  }
},
{
  "model": "admin.logentry",
  "pk": 39,
  "fields": {
    "action_time": "2017-04-13T15:51:37.699Z",
    "user": 1,
    "content_type": 8,
    "object_id": "16",
    "object_repr": "[BACK] Thursday, 13. April 2017 03:17PM",
    "action_flag": 3,
    "change_message": ""
  }
},
{
  "model": "admin.logentry",
  "pk": 40,
  "fields": {
    "action_time": "2017-04-13T15:51:37.700Z",
    "user": 1,
    "content_type": 8,
    "object_id": "15",
    "object_repr": "[BACK] Thursday, 13. April 2017 03:17PM",
    "action_flag": 3,
    "change_message": ""
  }
},
{
  "model": "admin.logentry",
  "pk": 41,
  "fields": {
    "action_time": "2017-04-13T15:51:37.702Z",
    "user": 1,
    "content_type": 8,
    "object_id": "14",
    "object_repr": "[BACK] Thursday, 13. April 2017 03:17PM",
    "action_flag": 3,
    "change_message": ""
  }
},
{
  "model": "admin.logentry",
  "pk": 42,
  "fields": {
    "action_time": "2017-04-13T15:51:37.704Z",
    "user": 1,
    "content_type": 8,
    "object_id": "13",
    "object_repr": "[BACK] Thursday, 13. April 2017 03:17PM",
    "action_flag": 3,
    "change_message": ""
  }
},
{
  "model": "admin.logentry",
  "pk": 43,
  "fields": {
    "action_time": "2017-04-13T15:51:37.705Z",
    "user": 1,
    "content_type": 8,
    "object_id": "12",
    "object_repr": "[BACK] Thursday, 13. April 2017 03:16PM",
    "action_flag": 3,
    "change_message": ""
  }
},
{
  "model": "admin.logentry",
  "pk": 44,
  "fields": {
    "action_time": "2017-04-13T15:51:37.707Z",
    "user": 1,
    "content_type": 8,
    "object_id": "11",
    "object_repr": "[BACK] Thursday, 13. April 2017 03:16PM",
    "action_flag": 3,
    "change_message": ""
  }
},
{
  "model": "admin.logentry",
  "pk": 45,
  "fields": {
    "action_time": "2017-04-13T15:51:37.709Z",
    "user": 1,
    "content_type": 8,
    "object_id": "10",
    "object_repr": "[BACK] Thursday, 13. April 2017 03:16PM",
    "action_flag": 3,
    "change_message": ""
  }
},
{
  "model": "admin.logentry",
  "pk": 46,
  "fields": {
    "action_time": "2017-04-13T15:51:37.710Z",
    "user": 1,
    "content_type": 8,
    "object_id": "9",
    "object_repr": "[BACK] Thursday, 13. April 2017 03:15PM",
    "action_flag": 3,
    "change_message": ""
  }
},
{
  "model": "admin.logentry",
  "pk": 47,
  "fields": {
    "action_time": "2017-04-13T15:51:37.711Z",
    "user": 1,
    "content_type": 8,
    "object_id": "8",
    "object_repr": "[BACK] Thursday, 13. April 2017 03:15PM",
    "action_flag": 3,
    "change_message": ""
  }
},
{
  "model": "admin.logentry",
  "pk": 48,
  "fields": {
    "action_time": "2017-04-13T15:51:37.713Z",
    "user": 1,
    "content_type": 8,
    "object_id": "7",
    "object_repr": "[BACK] Thursday, 13. April 2017 03:15PM",
    "action_flag": 3,
    "change_message": ""
  }
},
{
  "model": "admin.logentry",
  "pk": 49,
  "fields": {
    "action_time": "2017-04-13T15:51:37.714Z",
    "user": 1,
    "content_type": 8,
    "object_id": "6",
    "object_repr": "[BACK] Thursday, 13. April 2017 03:15PM",
    "action_flag": 3,
    "change_message": ""
  }
},
{
  "model": "admin.logentry",
  "pk": 50,
  "fields": {
    "action_time": "2017-04-13T17:08:29.604Z",
    "user": 1,
    "content_type": 7,
    "object_id": "2",
    "object_repr": "TVL",
    "action_flag": 2,
    "change_message": "[{\"changed\": {\"fields\": [\"backup_active\"]}}]"
  }
},
{
  "model": "admin.logentry",
  "pk": 51,
  "fields": {
    "action_time": "2017-04-18T14:38:20.486Z",
    "user": 1,
    "content_type": 7,
    "object_id": "1",
    "object_repr": "New Lotrek",
    "action_flag": 2,
    "change_message": "[{\"changed\": {\"fields\": [\"backup_script\"]}}]"
  }
},
{
  "model": "admin.logentry",
  "pk": 52,
  "fields": {
    "action_time": "2017-04-18T14:41:53.947Z",
    "user": 1,
    "content_type": 7,
    "object_id": "1",
    "object_repr": "New Lotrek",
    "action_flag": 2,
    "change_message": "[{\"changed\": {\"fields\": [\"backup_script\"]}}]"
  }
},
{
  "model": "admin.logentry",
  "pk": 53,
  "fields": {
    "action_time": "2017-04-18T14:45:05.217Z",
    "user": 1,
    "content_type": 7,
    "object_id": "1",
    "object_repr": "New Lotrek",
    "action_flag": 2,
    "change_message": "[{\"changed\": {\"fields\": [\"backup_script\"]}}]"
  }
},
{
  "model": "admin.logentry",
  "pk": 54,
  "fields": {
    "action_time": "2017-04-18T14:49:16.990Z",
    "user": 1,
    "content_type": 7,
    "object_id": "1",
    "object_repr": "New Lotrek",
    "action_flag": 2,
    "change_message": "[{\"changed\": {\"fields\": [\"backup_script\"]}}]"
  }
},
{
  "model": "admin.logentry",
  "pk": 55,
  "fields": {
    "action_time": "2017-04-18T14:51:09.870Z",
    "user": 1,
    "content_type": 7,
    "object_id": "1",
    "object_repr": "New Lotrek",
    "action_flag": 2,
    "change_message": "[{\"changed\": {\"fields\": [\"backup_script\"]}}]"
  }
},
{
  "model": "admin.logentry",
  "pk": 56,
  "fields": {
    "action_time": "2017-04-18T15:05:49.860Z",
    "user": 1,
    "content_type": 7,
    "object_id": "1",
    "object_repr": "New Lotrek",
    "action_flag": 2,
    "change_message": "[{\"changed\": {\"fields\": [\"backup_script\"]}}]"
  }
},
{
  "model": "admin.logentry",
  "pk": 57,
  "fields": {
    "action_time": "2017-04-18T15:50:07.226Z",
    "user": 1,
    "content_type": 7,
    "object_id": "1",
    "object_repr": "New Lotrek",
    "action_flag": 2,
    "change_message": "[{\"changed\": {\"fields\": [\"backup_script\"]}}]"
  }
},
{
  "model": "admin.logentry",
  "pk": 58,
  "fields": {
    "action_time": "2017-04-18T15:55:06.750Z",
    "user": 1,
    "content_type": 7,
    "object_id": "1",
    "object_repr": "New Lotrek",
    "action_flag": 2,
    "change_message": "[{\"changed\": {\"fields\": [\"backup_script\"]}}]"
  }
},
{
  "model": "admin.logentry",
  "pk": 59,
  "fields": {
    "action_time": "2017-06-12T15:43:40.606Z",
    "user": 1,
    "content_type": 7,
    "object_id": "1",
    "object_repr": "New Lotrek",
    "action_flag": 2,
    "change_message": "[{\"added\": {\"name\": \"frontend test\", \"object\": \"FrontendTest object\"}}]"
  }
},
{
  "model": "admin.logentry",
  "pk": 60,
  "fields": {
    "action_time": "2017-11-22T15:15:30.120Z",
    "user": 1,
    "content_type": 19,
    "object_id": "1",
    "object_repr": "Lotrek",
    "action_flag": 2,
    "change_message": "[{\"changed\": {\"fields\": [\"server_address\", \"ssh_password\"]}}]"
  }
},
{
  "model": "admin.logentry",
  "pk": 61,
  "fields": {
    "action_time": "2017-11-22T15:16:34.063Z",
    "user": 1,
    "content_type": 7,
    "object_id": "1",
    "object_repr": "New Lotrek",
    "action_flag": 2,
    "change_message": "[{\"changed\": {\"fields\": [\"live_url\", \"backup_script\", \"backup_sync_folders\"]}}]"
  }
},
{
  "model": "admin.logentry",
  "pk": 62,
  "fields": {
    "action_time": "2017-11-22T15:20:23.156Z",
    "user": 1,
    "content_type": 7,
    "object_id": "1",
    "object_repr": "New Lotrek",
    "action_flag": 2,
    "change_message": "[{\"changed\": {\"fields\": [\"backup_script\"]}}]"
  }
},
{
  "model": "admin.logentry",
  "pk": 63,
  "fields": {
    "action_time": "2017-11-22T15:20:56.052Z",
    "user": 1,
    "content_type": 7,
    "object_id": "1",
    "object_repr": "New Lotrek",
    "action_flag": 2,
    "change_message": "[{\"changed\": {\"fields\": [\"backup_script\"]}}]"
  }
},
{
  "model": "admin.logentry",
  "pk": 64,
  "fields": {
    "action_time": "2017-11-22T15:21:55.543Z",
    "user": 1,
    "content_type": 7,
    "object_id": "1",
    "object_repr": "New Lotrek",
    "action_flag": 2,
    "change_message": "[{\"changed\": {\"fields\": [\"backup_archive\"]}}]"
  }
},
{
  "model": "admin.logentry",
  "pk": 65,
  "fields": {
    "action_time": "2017-11-22T16:07:19.940Z",
    "user": 1,
    "content_type": 7,
    "object_id": "1",
    "object_repr": "New Lotrek",
    "action_flag": 2,
    "change_message": "[{\"changed\": {\"fields\": [\"backup_script\"]}}]"
  }
},
{
  "model": "admin.logentry",
  "pk": 66,
  "fields": {
    "action_time": "2017-11-22T16:09:21.803Z",
    "user": 1,
    "content_type": 7,
    "object_id": "1",
    "object_repr": "New Lotrek",
    "action_flag": 2,
    "change_message": "[{\"changed\": {\"fields\": [\"backup_script\"]}}]"
  }
},
{
  "model": "admin.logentry",
  "pk": 67,
  "fields": {
    "action_time": "2017-11-22T16:16:47.086Z",
    "user": 1,
    "content_type": 7,
    "object_id": "1",
    "object_repr": "New Lotrek",
    "action_flag": 2,
    "change_message": "[{\"changed\": {\"fields\": [\"backup_script\"]}}]"
  }
},
{
  "model": "admin.logentry",
  "pk": 68,
  "fields": {
    "action_time": "2017-11-22T16:20:34.000Z",
    "user": 1,
    "content_type": 7,
    "object_id": "1",
    "object_repr": "New Lotrek",
    "action_flag": 2,
    "change_message": "[{\"changed\": {\"fields\": [\"backup_script\"]}}]"
  }
},
{
  "model": "admin.logentry",
  "pk": 69,
  "fields": {
    "action_time": "2017-11-22T16:21:35.972Z",
    "user": 1,
    "content_type": 7,
    "object_id": "1",
    "object_repr": "New Lotrek",
    "action_flag": 2,
    "change_message": "[{\"changed\": {\"fields\": [\"backup_script\"]}}]"
  }
},
{
  "model": "admin.logentry",
  "pk": 70,
  "fields": {
    "action_time": "2017-11-22T16:26:18.455Z",
    "user": 1,
    "content_type": 7,
    "object_id": "1",
    "object_repr": "New Lotrek",
    "action_flag": 2,
    "change_message": "[]"
  }
},
{
  "model": "admin.logentry",
  "pk": 71,
  "fields": {
    "action_time": "2017-11-22T16:29:47.065Z",
    "user": 1,
    "content_type": 7,
    "object_id": "1",
    "object_repr": "New Lotrek",
    "action_flag": 2,
    "change_message": "[{\"changed\": {\"fields\": [\"backup_script\"]}}]"
  }
},
{
  "model": "admin.logentry",
  "pk": 72,
  "fields": {
    "action_time": "2018-01-27T11:47:48.856Z",
    "user": 1,
    "content_type": 7,
    "object_id": "3",
    "object_repr": "EG",
    "action_flag": 1,
    "change_message": "[{\"added\": {}}]"
  }
},
{
  "model": "admin.logentry",
  "pk": 73,
  "fields": {
    "action_time": "2018-01-27T11:48:43.406Z",
    "user": 1,
    "content_type": 19,
    "object_id": "3",
    "object_repr": "EG Server",
    "action_flag": 1,
    "change_message": "[{\"added\": {}}]"
  }
},
{
  "model": "admin.logentry",
  "pk": 74,
  "fields": {
    "action_time": "2018-01-27T11:48:57.569Z",
    "user": 1,
    "content_type": 7,
    "object_id": "3",
    "object_repr": "EG",
    "action_flag": 2,
    "change_message": "[{\"changed\": {\"fields\": [\"machine\", \"backup_active\"]}}]"
  }
},
{
  "model": "admin.logentry",
  "pk": 75,
  "fields": {
    "action_time": "2018-01-27T11:49:03.108Z",
    "user": 1,
    "content_type": 7,
    "object_id": "3",
    "object_repr": "EG",
    "action_flag": 2,
    "change_message": "[]"
  }
},
{
  "model": "admin.logentry",
  "pk": 76,
  "fields": {
    "action_time": "2018-01-27T11:49:31.514Z",
    "user": 1,
    "content_type": 7,
    "object_id": "3",
    "object_repr": "EG",
    "action_flag": 2,
    "change_message": "[{\"changed\": {\"fields\": [\"backup_script\"]}}]"
  }
},
{
  "model": "admin.logentry",
  "pk": 77,
  "fields": {
    "action_time": "2018-01-27T11:49:38.110Z",
    "user": 1,
    "content_type": 7,
    "object_id": "1",
    "object_repr": "New Lotrek",
    "action_flag": 2,
    "change_message": "[]"
  }
},
{
  "model": "admin.logentry",
  "pk": 78,
  "fields": {
    "action_time": "2018-01-27T11:50:18.962Z",
    "user": 1,
    "content_type": 7,
    "object_id": "3",
    "object_repr": "EG",
    "action_flag": 2,
    "change_message": "[{\"changed\": {\"fields\": [\"backup_script\", \"backup_sync_folders\"]}}]"
  }
},
{
  "model": "admin.logentry",
  "pk": 79,
  "fields": {
    "action_time": "2018-01-27T12:04:59.347Z",
    "user": 1,
    "content_type": 7,
    "object_id": "3",
    "object_repr": "EG",
    "action_flag": 2,
    "change_message": "[{\"changed\": {\"fields\": [\"backup_script\"]}}]"
  }
},
{
  "model": "admin.logentry",
  "pk": 80,
  "fields": {
    "action_time": "2018-01-27T12:16:01.775Z",
    "user": 1,
    "content_type": 7,
    "object_id": "3",
    "object_repr": "EG",
    "action_flag": 2,
    "change_message": "[{\"changed\": {\"fields\": [\"backup_script\"]}}]"
  }
},
{
  "model": "admin.logentry",
  "pk": 81,
  "fields": {
    "action_time": "2018-01-27T12:17:44.176Z",
    "user": 1,
    "content_type": 7,
    "object_id": "3",
    "object_repr": "EG",
    "action_flag": 2,
    "change_message": "[{\"changed\": {\"fields\": [\"backup_script\"]}}]"
  }
},
{
  "model": "admin.logentry",
  "pk": 82,
  "fields": {
    "action_time": "2018-01-27T12:22:43.999Z",
    "user": 1,
    "content_type": 7,
    "object_id": "3",
    "object_repr": "EG",
    "action_flag": 2,
    "change_message": "[{\"changed\": {\"fields\": [\"backup_script\"]}}]"
  }
},
{
  "model": "admin.logentry",
  "pk": 83,
  "fields": {
    "action_time": "2018-01-27T12:27:16.410Z",
    "user": 1,
    "content_type": 7,
    "object_id": "3",
    "object_repr": "EG",
    "action_flag": 2,
    "change_message": "[{\"changed\": {\"fields\": [\"backup_archive\", \"backup_script\"]}}]"
  }
},
{
  "model": "admin.logentry",
  "pk": 84,
  "fields": {
    "action_time": "2018-01-27T12:28:28.206Z",
    "user": 1,
    "content_type": 7,
    "object_id": "3",
    "object_repr": "EG",
    "action_flag": 2,
    "change_message": "[{\"changed\": {\"fields\": [\"backup_script\"]}}]"
  }
},
{
  "model": "admin.logentry",
  "pk": 85,
  "fields": {
    "action_time": "2018-01-27T12:47:22.467Z",
    "user": 1,
    "content_type": 7,
    "object_id": "3",
    "object_repr": "EG",
    "action_flag": 2,
    "change_message": "[{\"changed\": {\"fields\": [\"backup_script\", \"backup_sync_folders\"]}}]"
  }
},
{
  "model": "admin.logentry",
  "pk": 86,
  "fields": {
    "action_time": "2018-01-27T12:47:43.285Z",
    "user": 1,
    "content_type": 7,
    "object_id": "3",
    "object_repr": "EG",
    "action_flag": 2,
    "change_message": "[{\"changed\": {\"fields\": [\"backup_script\"]}}]"
  }
},
{
  "model": "admin.logentry",
  "pk": 87,
  "fields": {
    "action_time": "2018-01-27T12:48:14.332Z",
    "user": 1,
    "content_type": 7,
    "object_id": "3",
    "object_repr": "EG",
    "action_flag": 2,
    "change_message": "[{\"changed\": {\"fields\": [\"backup_script\"]}}]"
  }
},
{
  "model": "admin.logentry",
  "pk": 88,
  "fields": {
    "action_time": "2018-01-27T13:12:21.725Z",
    "user": 1,
    "content_type": 7,
    "object_id": "4",
    "object_repr": "Cuccioletti",
    "action_flag": 1,
    "change_message": "[{\"added\": {}}]"
  }
},
{
  "model": "admin.logentry",
  "pk": 89,
  "fields": {
    "action_time": "2018-01-27T13:13:01.415Z",
    "user": 1,
    "content_type": 7,
    "object_id": "5",
    "object_repr": "Baldiflex",
    "action_flag": 1,
    "change_message": "[{\"added\": {}}]"
  }
},
{
  "model": "admin.logentry",
  "pk": 90,
  "fields": {
    "action_time": "2018-01-27T13:13:20.436Z",
    "user": 1,
    "content_type": 7,
    "object_id": "6",
    "object_repr": "Ladre di piante",
    "action_flag": 1,
    "change_message": "[{\"added\": {}}]"
  }
},
{
  "model": "admin.logentry",
  "pk": 91,
  "fields": {
    "action_time": "2018-01-27T13:14:45.420Z",
    "user": 1,
    "content_type": 19,
    "object_id": "4",
    "object_repr": "CuccioLadre",
    "action_flag": 1,
    "change_message": "[{\"added\": {}}]"
  }
},
{
  "model": "admin.logentry",
  "pk": 92,
  "fields": {
    "action_time": "2018-01-27T13:14:48.474Z",
    "user": 1,
    "content_type": 7,
    "object_id": "4",
    "object_repr": "Cuccioletti",
    "action_flag": 2,
    "change_message": "[{\"changed\": {\"fields\": [\"machine\"]}}]"
  }
},
{
  "model": "admin.logentry",
  "pk": 93,
  "fields": {
    "action_time": "2018-01-27T13:14:55.810Z",
    "user": 1,
    "content_type": 7,
    "object_id": "6",
    "object_repr": "Ladre di piante",
    "action_flag": 2,
    "change_message": "[{\"changed\": {\"fields\": [\"machine\"]}}]"
  }
},
{
  "model": "admin.logentry",
  "pk": 94,
  "fields": {
    "action_time": "2018-01-27T13:19:01.919Z",
    "user": 1,
    "content_type": 7,
    "object_id": "4",
    "object_repr": "Cuccioletti",
    "action_flag": 2,
    "change_message": "[{\"changed\": {\"fields\": [\"backup_active\", \"backup_sync_folders\"]}}]"
  }
},
{
  "model": "admin.logentry",
  "pk": 95,
  "fields": {
    "action_time": "2018-01-27T13:20:15.492Z",
    "user": 1,
    "content_type": 7,
    "object_id": "6",
    "object_repr": "Ladre di piante",
    "action_flag": 2,
    "change_message": "[{\"changed\": {\"fields\": [\"backup_sync_folders\"]}}]"
  }
},
{
  "model": "admin.logentry",
  "pk": 96,
  "fields": {
    "action_time": "2018-01-27T13:23:52.298Z",
    "user": 1,
    "content_type": 7,
    "object_id": "4",
    "object_repr": "Cuccioletti",
    "action_flag": 2,
    "change_message": "[{\"changed\": {\"fields\": [\"backup_archive\", \"backup_script\"]}}]"
  }
},
{
  "model": "admin.logentry",
  "pk": 97,
  "fields": {
    "action_time": "2018-01-27T13:24:48.460Z",
    "user": 1,
    "content_type": 7,
    "object_id": "4",
    "object_repr": "Cuccioletti",
    "action_flag": 2,
    "change_message": "[]"
  }
},
{
  "model": "admin.logentry",
  "pk": 98,
  "fields": {
    "action_time": "2018-01-27T13:34:29.497Z",
    "user": 1,
    "content_type": 7,
    "object_id": "6",
    "object_repr": "Ladre di piante",
    "action_flag": 2,
    "change_message": "[{\"changed\": {\"fields\": [\"backup_active\", \"backup_archive\", \"backup_script\"]}}]"
  }
},
{
  "model": "admin.logentry",
  "pk": 99,
  "fields": {
    "action_time": "2018-01-27T13:47:54.044Z",
    "user": 1,
    "content_type": 19,
    "object_id": "5",
    "object_repr": "Baldiflex",
    "action_flag": 1,
    "change_message": "[{\"added\": {}}]"
  }
},
{
  "model": "admin.logentry",
  "pk": 100,
  "fields": {
    "action_time": "2018-01-27T13:50:27.842Z",
    "user": 1,
    "content_type": 7,
    "object_id": "5",
    "object_repr": "Baldiflex",
    "action_flag": 2,
    "change_message": "[{\"changed\": {\"fields\": [\"machine\", \"backup_archive\", \"backup_script\", \"backup_sync_folders\"]}}]"
  }
},
{
  "model": "admin.logentry",
  "pk": 101,
  "fields": {
    "action_time": "2018-01-27T13:51:28.720Z",
    "user": 1,
    "content_type": 7,
    "object_id": "5",
    "object_repr": "Baldiflex",
    "action_flag": 2,
    "change_message": "[{\"changed\": {\"fields\": [\"backup_active\"]}}]"
  }
},
{
  "model": "admin.logentry",
  "pk": 102,
  "fields": {
    "action_time": "2018-01-27T18:42:00.925Z",
    "user": 1,
    "content_type": 7,
    "object_id": "3",
    "object_repr": "EG",
    "action_flag": 2,
    "change_message": "[{\"added\": {\"name\": \"deadline\", \"object\": \"OTHR\"}}]"
  }
},
{
  "model": "admin.logentry",
  "pk": 103,
  "fields": {
    "action_time": "2018-01-27T18:54:15.334Z",
    "user": 1,
    "content_type": 7,
    "object_id": "3",
    "object_repr": "EG",
    "action_flag": 2,
    "change_message": "[{\"changed\": {\"name\": \"deadline\", \"object\": \"OTHR\", \"fields\": [\"end_time\"]}}]"
  }
},
{
  "model": "admin.logentry",
  "pk": 104,
  "fields": {
    "action_time": "2018-01-27T18:54:32.029Z",
    "user": 1,
    "content_type": 7,
    "object_id": "3",
    "object_repr": "EG",
    "action_flag": 2,
    "change_message": "[{\"changed\": {\"name\": \"deadline\", \"object\": \"OTHR\", \"fields\": [\"end_time\"]}}]"
  }
},
{
  "model": "admin.logentry",
  "pk": 105,
  "fields": {
    "action_time": "2018-01-27T18:54:42.369Z",
    "user": 1,
    "content_type": 7,
    "object_id": "3",
    "object_repr": "EG",
    "action_flag": 2,
    "change_message": "[{\"changed\": {\"name\": \"deadline\", \"object\": \"OTHR\", \"fields\": [\"end_time\"]}}]"
  }
},
{
  "model": "admin.logentry",
  "pk": 106,
  "fields": {
    "action_time": "2018-01-27T18:55:02.869Z",
    "user": 1,
    "content_type": 7,
    "object_id": "3",
    "object_repr": "EG",
    "action_flag": 2,
    "change_message": "[{\"changed\": {\"name\": \"deadline\", \"object\": \"OTHR\", \"fields\": [\"end_time\"]}}]"
  }
},
{
  "model": "admin.logentry",
  "pk": 107,
  "fields": {
    "action_time": "2018-01-28T21:59:16.324Z",
    "user": 1,
    "content_type": 9,
    "object_id": "1",
    "object_repr": "admin",
    "action_flag": 2,
    "change_message": "[{\"changed\": {\"fields\": [\"first_name\", \"last_name\", \"email\"]}}]"
  }
},
{
  "model": "admin.logentry",
  "pk": 108,
  "fields": {
    "action_time": "2018-02-11T18:52:43.426Z",
    "user": 1,
    "content_type": 7,
    "object_id": "6",
    "object_repr": "Ladre di piante",
    "action_flag": 2,
    "change_message": "[{\"changed\": {\"fields\": [\"backup_active\"]}}]"
  }
},
{
  "model": "admin.logentry",
  "pk": 109,
  "fields": {
    "action_time": "2018-02-11T18:52:53.915Z",
    "user": 1,
    "content_type": 7,
    "object_id": "5",
    "object_repr": "Baldiflex",
    "action_flag": 2,
    "change_message": "[{\"changed\": {\"fields\": [\"backup_active\"]}}]"
  }
},
{
  "model": "admin.logentry",
  "pk": 110,
  "fields": {
    "action_time": "2018-02-11T18:53:02.963Z",
    "user": 1,
    "content_type": 7,
    "object_id": "4",
    "object_repr": "Cuccioletti",
    "action_flag": 2,
    "change_message": "[{\"changed\": {\"fields\": [\"backup_active\"]}}]"
  }
},
{
  "model": "admin.logentry",
  "pk": 111,
  "fields": {
    "action_time": "2018-02-11T18:53:13.698Z",
    "user": 1,
    "content_type": 7,
    "object_id": "3",
    "object_repr": "EG",
    "action_flag": 2,
    "change_message": "[{\"changed\": {\"fields\": [\"backup_active\"]}}]"
  }
},
{
  "model": "admin.logentry",
  "pk": 112,
  "fields": {
    "action_time": "2018-02-28T11:22:02.493Z",
    "user": 2,
    "content_type": 8,
    "object_id": "47",
    "object_repr": "[BACK] Saturday, 27. January 2018 12:47PM",
    "action_flag": 3,
    "change_message": ""
  }
},
{
  "model": "admin.logentry",
  "pk": 113,
  "fields": {
    "action_time": "2018-02-28T11:22:02.498Z",
    "user": 2,
    "content_type": 8,
    "object_id": "46",
    "object_repr": "[BACK] Saturday, 27. January 2018 12:27PM",
    "action_flag": 3,
    "change_message": ""
  }
},
{
  "model": "admin.logentry",
  "pk": 114,
  "fields": {
    "action_time": "2018-02-28T11:22:02.501Z",
    "user": 2,
    "content_type": 8,
    "object_id": "45",
    "object_repr": "[BACK] Saturday, 27. January 2018 12:22PM",
    "action_flag": 3,
    "change_message": ""
  }
},
{
  "model": "admin.logentry",
  "pk": 115,
  "fields": {
    "action_time": "2018-02-28T11:22:02.505Z",
    "user": 2,
    "content_type": 8,
    "object_id": "44",
    "object_repr": "[BACK] Saturday, 27. January 2018 12:18PM",
    "action_flag": 3,
    "change_message": ""
  }
},
{
  "model": "admin.logentry",
  "pk": 116,
  "fields": {
    "action_time": "2018-02-28T11:22:02.509Z",
    "user": 2,
    "content_type": 8,
    "object_id": "43",
    "object_repr": "[BACK] Saturday, 27. January 2018 12:16PM",
    "action_flag": 3,
    "change_message": ""
  }
},
{
  "model": "admin.logentry",
  "pk": 117,
  "fields": {
    "action_time": "2018-02-28T11:22:02.512Z",
    "user": 2,
    "content_type": 8,
    "object_id": "42",
    "object_repr": "[BACK] Saturday, 27. January 2018 12:07PM",
    "action_flag": 3,
    "change_message": ""
  }
},
{
  "model": "admin.logentry",
  "pk": 118,
  "fields": {
    "action_time": "2018-02-28T11:22:02.514Z",
    "user": 2,
    "content_type": 8,
    "object_id": "41",
    "object_repr": "[BACK] Saturday, 27. January 2018 12:07PM",
    "action_flag": 3,
    "change_message": ""
  }
},
{
  "model": "admin.logentry",
  "pk": 119,
  "fields": {
    "action_time": "2018-02-28T11:22:02.516Z",
    "user": 2,
    "content_type": 8,
    "object_id": "40",
    "object_repr": "[BACK] Saturday, 27. January 2018 12:05PM",
    "action_flag": 3,
    "change_message": ""
  }
},
{
  "model": "admin.logentry",
  "pk": 120,
  "fields": {
    "action_time": "2018-02-28T11:22:02.519Z",
    "user": 2,
    "content_type": 8,
    "object_id": "39",
    "object_repr": "[BACK] Wednesday, 22. November 2017 03:21PM",
    "action_flag": 3,
    "change_message": ""
  }
},
{
  "model": "admin.logentry",
  "pk": 121,
  "fields": {
    "action_time": "2018-02-28T11:22:02.521Z",
    "user": 2,
    "content_type": 8,
    "object_id": "38",
    "object_repr": "[BACK] Wednesday, 22. November 2017 03:20PM",
    "action_flag": 3,
    "change_message": ""
  }
},
{
  "model": "admin.logentry",
  "pk": 122,
  "fields": {
    "action_time": "2018-02-28T11:22:02.523Z",
    "user": 2,
    "content_type": 8,
    "object_id": "37",
    "object_repr": "[BACK] Wednesday, 22. November 2017 03:19PM",
    "action_flag": 3,
    "change_message": ""
  }
},
{
  "model": "admin.logentry",
  "pk": 123,
  "fields": {
    "action_time": "2018-02-28T11:22:02.526Z",
    "user": 2,
    "content_type": 8,
    "object_id": "36",
    "object_repr": "[BACK] Thursday, 13. April 2017 05:36PM",
    "action_flag": 3,
    "change_message": ""
  }
},
{
  "model": "admin.logentry",
  "pk": 124,
  "fields": {
    "action_time": "2018-02-28T11:22:02.528Z",
    "user": 2,
    "content_type": 8,
    "object_id": "35",
    "object_repr": "[BACK] Thursday, 13. April 2017 05:35PM",
    "action_flag": 3,
    "change_message": ""
  }
},
{
  "model": "admin.logentry",
  "pk": 125,
  "fields": {
    "action_time": "2018-02-28T11:22:02.531Z",
    "user": 2,
    "content_type": 8,
    "object_id": "34",
    "object_repr": "[BACK] Thursday, 13. April 2017 05:30PM",
    "action_flag": 3,
    "change_message": ""
  }
},
{
  "model": "admin.logentry",
  "pk": 126,
  "fields": {
    "action_time": "2018-02-28T11:22:02.532Z",
    "user": 2,
    "content_type": 8,
    "object_id": "33",
    "object_repr": "[BACK] Thursday, 13. April 2017 05:29PM",
    "action_flag": 3,
    "change_message": ""
  }
},
{
  "model": "admin.logentry",
  "pk": 127,
  "fields": {
    "action_time": "2018-02-28T11:22:02.534Z",
    "user": 2,
    "content_type": 8,
    "object_id": "32",
    "object_repr": "[BACK] Thursday, 13. April 2017 05:28PM",
    "action_flag": 3,
    "change_message": ""
  }
},
{
  "model": "admin.logentry",
  "pk": 128,
  "fields": {
    "action_time": "2018-02-28T11:22:02.536Z",
    "user": 2,
    "content_type": 8,
    "object_id": "31",
    "object_repr": "[BACK] Thursday, 13. April 2017 05:10PM",
    "action_flag": 3,
    "change_message": ""
  }
},
{
  "model": "admin.logentry",
  "pk": 129,
  "fields": {
    "action_time": "2018-02-28T11:26:14.180Z",
    "user": 2,
    "content_type": 7,
    "object_id": "3",
    "object_repr": "EG",
    "action_flag": 2,
    "change_message": "[{\"changed\": {\"fields\": [\"backup_active\"]}}]"
  }
},
{
  "model": "admin.logentry",
  "pk": 130,
  "fields": {
    "action_time": "2018-03-02T13:06:04.987Z",
    "user": 2,
    "content_type": 18,
    "object_id": "1",
    "object_repr": "ovh",
    "action_flag": 1,
    "change_message": "[{\"added\": {}}]"
  }
},
{
  "model": "admin.logentry",
  "pk": 131,
  "fields": {
    "action_time": "2018-03-02T13:06:15.320Z",
    "user": 2,
    "content_type": 19,
    "object_id": "5",
    "object_repr": "Baldiflex",
    "action_flag": 2,
    "change_message": "[{\"changed\": {\"fields\": [\"reseller\"]}}]"
  }
},
{
  "model": "admin.logentry",
  "pk": 132,
  "fields": {
    "action_time": "2018-03-02T14:11:01.326Z",
    "user": 2,
    "content_type": 19,
    "object_id": "5",
    "object_repr": "Baldiflex",
    "action_flag": 2,
    "change_message": "[{\"changed\": {\"fields\": [\"panelonline\", \"panelonline_username\", \"panelonline_password\"]}}]"
  }
},
{
  "model": "admin.logentry",
  "pk": 133,
  "fields": {
    "action_time": "2018-03-02T14:47:01.772Z",
    "user": 2,
    "content_type": 19,
    "object_id": "5",
    "object_repr": "Baldiflex",
    "action_flag": 2,
    "change_message": "[{\"changed\": {\"fields\": [\"reseller_panel\", \"reseller_panel_username\", \"reseller_panel_password\"]}}]"
  }
},
{
  "model": "admin.logentry",
  "pk": 134,
  "fields": {
    "action_time": "2018-03-02T14:50:40.379Z",
    "user": 2,
    "content_type": 19,
    "object_id": "5",
    "object_repr": "Baldiflex",
    "action_flag": 2,
    "change_message": "[{\"changed\": {\"fields\": [\"end_time\"]}}]"
  }
},
{
  "model": "admin.logentry",
  "pk": 135,
  "fields": {
    "action_time": "2018-03-02T15:01:23.403Z",
    "user": 2,
    "content_type": 19,
    "object_id": "5",
    "object_repr": "Baldiflex",
    "action_flag": 2,
    "change_message": "[{\"changed\": {\"fields\": [\"name_on_reseller\"]}}]"
  }
},
{
  "model": "admin.logentry",
  "pk": 136,
  "fields": {
    "action_time": "2018-03-02T16:08:04.755Z",
    "user": 2,
    "content_type": 22,
    "object_id": "1",
    "object_repr": "Internetbs-Lotrek",
    "action_flag": 1,
    "change_message": "[{\"added\": {}}]"
  }
},
{
  "model": "admin.logentry",
  "pk": 137,
  "fields": {
    "action_time": "2018-03-02T16:08:19.274Z",
    "user": 2,
    "content_type": 21,
    "object_id": "1",
    "object_repr": "baldiflex.it",
    "action_flag": 1,
    "change_message": "[{\"added\": {}}]"
  }
},
{
  "model": "admin.logentry",
  "pk": 138,
  "fields": {
    "action_time": "2018-03-02T16:18:39.568Z",
    "user": 2,
    "content_type": 21,
    "object_id": "1",
    "object_repr": "baldiflex.it",
    "action_flag": 2,
    "change_message": "[{\"changed\": {\"fields\": [\"end_time\"]}}]"
  }
},
{
  "model": "admin.logentry",
  "pk": 139,
  "fields": {
    "action_time": "2018-03-02T16:22:54.949Z",
    "user": 2,
    "content_type": 9,
    "object_id": "2",
    "object_repr": "marco",
    "action_flag": 2,
    "change_message": "[{\"changed\": {\"fields\": [\"first_name\", \"last_name\", \"email\"]}}]"
  }
},
{
  "model": "admin.logentry",
  "pk": 140,
  "fields": {
    "action_time": "2018-03-03T14:49:48.396Z",
    "user": 2,
    "content_type": 21,
    "object_id": "2",
    "object_repr": "ladredipiante.com",
    "action_flag": 1,
    "change_message": "[{\"added\": {}}]"
  }
},
{
  "model": "admin.logentry",
  "pk": 141,
  "fields": {
    "action_time": "2018-03-05T12:38:54.139Z",
    "user": 2,
    "content_type": 21,
    "object_id": "3",
    "object_repr": "eglab.it",
    "action_flag": 1,
    "change_message": "[{\"added\": {}}]"
  }
},
{
  "model": "admin.logentry",
  "pk": 142,
  "fields": {
    "action_time": "2018-03-05T12:39:28.545Z",
    "user": 2,
    "content_type": 19,
    "object_id": "3",
    "object_repr": "EG Server",
    "action_flag": 2,
    "change_message": "[{\"changed\": {\"fields\": [\"online_panel\", \"online_panel_username\", \"online_panel_password\"]}}]"
  }
},
{
  "model": "admin.logentry",
  "pk": 143,
  "fields": {
    "action_time": "2018-03-05T12:40:30.170Z",
    "user": 2,
    "content_type": 19,
    "object_id": "3",
    "object_repr": "EG Server",
    "action_flag": 2,
    "change_message": "[{\"changed\": {\"fields\": [\"name_on_reseller\"]}}]"
  }
},
{
  "model": "admin.logentry",
  "pk": 144,
  "fields": {
    "action_time": "2018-03-05T12:41:33.753Z",
    "user": 2,
    "content_type": 21,
    "object_id": "2",
    "object_repr": "ladredipiante.com",
    "action_flag": 2,
    "change_message": "[{\"changed\": {\"fields\": [\"end_time\"]}}]"
  }
},
{
  "model": "admin.logentry",
  "pk": 145,
  "fields": {
    "action_time": "2018-03-05T13:04:31.606Z",
    "user": 2,
    "content_type": 21,
    "object_id": "4",
    "object_repr": "wepersonal.com",
    "action_flag": 1,
    "change_message": "[{\"added\": {}}]"
  }
},
{
  "model": "admin.logentry",
  "pk": 146,
  "fields": {
    "action_time": "2018-03-05T15:45:31.661Z",
    "user": 2,
    "content_type": 19,
    "object_id": "6",
    "object_repr": "Mega server Ovh",
    "action_flag": 1,
    "change_message": "[{\"added\": {}}]"
  }
},
{
  "model": "admin.logentry",
  "pk": 147,
  "fields": {
    "action_time": "2018-03-05T15:53:14.529Z",
    "user": 2,
    "content_type": 19,
    "object_id": "4",
    "object_repr": "CuccioLadre",
    "action_flag": 2,
    "change_message": "[{\"changed\": {\"fields\": [\"name_on_reseller\", \"end_time\", \"reseller\"]}}]"
  }
},
{
  "model": "admin.logentry",
  "pk": 148,
  "fields": {
    "action_time": "2018-03-06T09:39:16.825Z",
    "user": 2,
    "content_type": 19,
    "object_id": "1",
    "object_repr": "Lotrek",
    "action_flag": 2,
    "change_message": "[{\"changed\": {\"fields\": [\"online_panel\", \"online_panel_username\", \"online_panel_password\"]}}]"
  }
},
{
  "model": "admin.logentry",
  "pk": 149,
  "fields": {
    "action_time": "2018-03-06T09:39:52.993Z",
    "user": 2,
    "content_type": 19,
    "object_id": "1",
    "object_repr": "Lotrek",
    "action_flag": 2,
    "change_message": "[{\"changed\": {\"fields\": [\"reseller_panel\", \"reseller_panel_username\", \"reseller_panel_password\"]}}]"
  }
},
{
  "model": "admin.logentry",
  "pk": 150,
  "fields": {
    "action_time": "2018-03-06T09:41:03.478Z",
    "user": 2,
    "content_type": 19,
    "object_id": "1",
    "object_repr": "Lotrek",
    "action_flag": 2,
    "change_message": "[{\"changed\": {\"fields\": [\"name_on_reseller\", \"end_time\"]}}]"
  }
},
{
  "model": "admin.logentry",
  "pk": 151,
  "fields": {
    "action_time": "2018-03-06T09:55:38.298Z",
    "user": 2,
    "content_type": 19,
    "object_id": "7",
    "object_repr": "ciccarelli",
    "action_flag": 1,
    "change_message": "[{\"added\": {}}]"
  }
},
{
  "model": "admin.logentry",
  "pk": 152,
  "fields": {
    "action_time": "2018-03-06T09:56:15.031Z",
    "user": 2,
    "content_type": 19,
    "object_id": "7",
    "object_repr": "ciccarelli",
    "action_flag": 2,
    "change_message": "[{\"changed\": {\"fields\": [\"end_time\"]}}]"
  }
},
{
  "model": "admin.logentry",
  "pk": 153,
  "fields": {
    "action_time": "2018-03-06T09:56:30.053Z",
    "user": 2,
    "content_type": 19,
    "object_id": "7",
    "object_repr": "Ciccarelli",
    "action_flag": 2,
    "change_message": "[{\"changed\": {\"fields\": [\"name\"]}}]"
  }
},
{
  "model": "admin.logentry",
  "pk": 154,
  "fields": {
    "action_time": "2018-03-06T10:02:08.175Z",
    "user": 2,
    "content_type": 19,
    "object_id": "8",
    "object_repr": "Bagel",
    "action_flag": 1,
    "change_message": "[{\"added\": {}}]"
  }
},
{
  "model": "admin.logentry",
  "pk": 155,
  "fields": {
    "action_time": "2018-03-06T10:05:47.177Z",
    "user": 2,
    "content_type": 19,
    "object_id": "8",
    "object_repr": "Bagel",
    "action_flag": 2,
    "change_message": "[{\"changed\": {\"fields\": [\"name_on_reseller\", \"end_time\", \"online_panel_username\", \"online_panel_password\"]}}]"
  }
},
{
  "model": "admin.logentry",
  "pk": 156,
  "fields": {
    "action_time": "2018-03-06T10:12:18.906Z",
    "user": 2,
    "content_type": 19,
    "object_id": "9",
    "object_repr": "Server di Test",
    "action_flag": 1,
    "change_message": "[{\"added\": {}}]"
  }
},
{
  "model": "admin.logentry",
  "pk": 157,
  "fields": {
    "action_time": "2018-03-06T10:13:10.322Z",
    "user": 2,
    "content_type": 19,
    "object_id": "8",
    "object_repr": "Bagel",
    "action_flag": 2,
    "change_message": "[{\"changed\": {\"fields\": [\"reseller\"]}}]"
  }
},
{
  "model": "admin.logentry",
  "pk": 158,
  "fields": {
    "action_time": "2018-03-06T10:16:34.040Z",
    "user": 2,
    "content_type": 19,
    "object_id": "10",
    "object_repr": "tenco",
    "action_flag": 1,
    "change_message": "[{\"added\": {}}]"
  }
},
{
  "model": "admin.logentry",
  "pk": 159,
  "fields": {
    "action_time": "2018-03-06T10:16:39.921Z",
    "user": 2,
    "content_type": 19,
    "object_id": "10",
    "object_repr": "Tenco",
    "action_flag": 2,
    "change_message": "[{\"changed\": {\"fields\": [\"name\"]}}]"
  }
},
{
  "model": "admin.logentry",
  "pk": 160,
  "fields": {
    "action_time": "2018-03-06T10:20:56.458Z",
    "user": 2,
    "content_type": 19,
    "object_id": "10",
    "object_repr": "Tenco",
    "action_flag": 2,
    "change_message": "[{\"changed\": {\"fields\": [\"reseller_panel\", \"reseller_panel_username\", \"reseller_panel_password\"]}}]"
  }
},
{
  "model": "admin.logentry",
  "pk": 161,
  "fields": {
    "action_time": "2018-03-06T10:23:16.280Z",
    "user": 2,
    "content_type": 19,
    "object_id": "10",
    "object_repr": "Tenco",
    "action_flag": 2,
    "change_message": "[{\"changed\": {\"fields\": [\"end_time\"]}}]"
  }
},
{
  "model": "admin.logentry",
  "pk": 162,
  "fields": {
    "action_time": "2018-03-06T10:29:13.496Z",
    "user": 2,
    "content_type": 22,
    "object_id": "2",
    "object_repr": "internetbs-tenco",
    "action_flag": 1,
    "change_message": "[{\"added\": {}}]"
  }
},
{
  "model": "admin.logentry",
  "pk": 163,
  "fields": {
    "action_time": "2018-03-06T10:30:55.614Z",
    "user": 2,
    "content_type": 21,
    "object_id": "5",
    "object_repr": "riempitricevolumetrica.it",
    "action_flag": 1,
    "change_message": "[{\"added\": {}}]"
  }
},
{
  "model": "admin.logentry",
  "pk": 164,
  "fields": {
    "action_time": "2018-03-06T10:31:14.613Z",
    "user": 2,
    "content_type": 21,
    "object_id": "6",
    "object_repr": "colmatrice.it",
    "action_flag": 1,
    "change_message": "[{\"added\": {}}]"
  }
},
{
  "model": "admin.logentry",
  "pk": 165,
  "fields": {
    "action_time": "2018-03-06T10:31:30.629Z",
    "user": 2,
    "content_type": 21,
    "object_id": "7",
    "object_repr": "colmatore.it",
    "action_flag": 1,
    "change_message": "[{\"added\": {}}]"
  }
},
{
  "model": "admin.logentry",
  "pk": 166,
  "fields": {
    "action_time": "2018-03-06T10:31:51.807Z",
    "user": 2,
    "content_type": 21,
    "object_id": "8",
    "object_repr": "riempitricivolumetriche.it",
    "action_flag": 1,
    "change_message": "[{\"added\": {}}]"
  }
},
{
  "model": "admin.logentry",
  "pk": 167,
  "fields": {
    "action_time": "2018-03-06T10:32:10.490Z",
    "user": 2,
    "content_type": 21,
    "object_id": "9",
    "object_repr": "colmatori.it",
    "action_flag": 1,
    "change_message": "[{\"added\": {}}]"
  }
},
{
  "model": "admin.logentry",
  "pk": 168,
  "fields": {
    "action_time": "2018-03-06T10:32:31.369Z",
    "user": 2,
    "content_type": 21,
    "object_id": "10",
    "object_repr": "doselite.it",
    "action_flag": 1,
    "change_message": "[{\"added\": {}}]"
  }
},
{
  "model": "admin.logentry",
  "pk": 169,
  "fields": {
    "action_time": "2018-03-06T10:32:51.370Z",
    "user": 2,
    "content_type": 21,
    "object_id": "11",
    "object_repr": "pistonfiller.it",
    "action_flag": 1,
    "change_message": "[{\"added\": {}}]"
  }
},
{
  "model": "admin.logentry",
  "pk": 170,
  "fields": {
    "action_time": "2018-03-06T10:33:12.510Z",
    "user": 2,
    "content_type": 21,
    "object_id": "12",
    "object_repr": "dosatricivolumetriche.com",
    "action_flag": 1,
    "change_message": "[{\"added\": {}}]"
  }
},
{
  "model": "admin.logentry",
  "pk": 171,
  "fields": {
    "action_time": "2018-03-06T10:34:10.350Z",
    "user": 2,
    "content_type": 21,
    "object_id": "13",
    "object_repr": "dosatorivolumetrici.com",
    "action_flag": 1,
    "change_message": "[{\"added\": {}}]"
  }
},
{
  "model": "admin.logentry",
  "pk": 172,
  "fields": {
    "action_time": "2018-03-06T10:34:20.201Z",
    "user": 2,
    "content_type": 21,
    "object_id": "12",
    "object_repr": "dosatricivolumetriche.com",
    "action_flag": 2,
    "change_message": "[{\"changed\": {\"fields\": [\"end_time\"]}}]"
  }
},
{
  "model": "admin.logentry",
  "pk": 173,
  "fields": {
    "action_time": "2018-03-06T10:34:40.226Z",
    "user": 2,
    "content_type": 21,
    "object_id": "11",
    "object_repr": "pistonfillers.it",
    "action_flag": 2,
    "change_message": "[{\"changed\": {\"fields\": [\"name\"]}}]"
  }
},
{
  "model": "admin.logentry",
  "pk": 174,
  "fields": {
    "action_time": "2018-03-06T10:35:02.520Z",
    "user": 2,
    "content_type": 21,
    "object_id": "14",
    "object_repr": "colmatrici.it",
    "action_flag": 1,
    "change_message": "[{\"added\": {}}]"
  }
},
{
  "model": "admin.logentry",
  "pk": 175,
  "fields": {
    "action_time": "2018-03-06T10:35:32.294Z",
    "user": 2,
    "content_type": 21,
    "object_id": "15",
    "object_repr": "vacuumfillers.com",
    "action_flag": 1,
    "change_message": "[{\"added\": {}}]"
  }
},
{
  "model": "admin.logentry",
  "pk": 176,
  "fields": {
    "action_time": "2018-03-06T10:36:14.417Z",
    "user": 2,
    "content_type": 21,
    "object_id": "16",
    "object_repr": "tencosrl.com",
    "action_flag": 1,
    "change_message": "[{\"added\": {}}]"
  }
},
{
  "model": "admin.logentry",
  "pk": 177,
  "fields": {
    "action_time": "2018-03-06T10:36:38.243Z",
    "user": 2,
    "content_type": 21,
    "object_id": "17",
    "object_repr": "tencosrl.com",
    "action_flag": 1,
    "change_message": "[{\"added\": {}}]"
  }
},
{
  "model": "admin.logentry",
  "pk": 178,
  "fields": {
    "action_time": "2018-03-06T10:38:56.579Z",
    "user": 2,
    "content_type": 21,
    "object_id": "3",
    "object_repr": "eglab.it",
    "action_flag": 2,
    "change_message": "[{\"changed\": {\"fields\": [\"end_time\"]}}]"
  }
},
{
  "model": "admin.logentry",
  "pk": 179,
  "fields": {
    "action_time": "2018-03-06T10:46:06.267Z",
    "user": 2,
    "content_type": 21,
    "object_id": "17",
    "object_repr": "tencosrl.com",
    "action_flag": 2,
    "change_message": "[{\"changed\": {\"fields\": [\"own\"]}}]"
  }
},
{
  "model": "admin.logentry",
  "pk": 180,
  "fields": {
    "action_time": "2018-03-06T10:46:10.933Z",
    "user": 2,
    "content_type": 21,
    "object_id": "16",
    "object_repr": "tencosrl.com",
    "action_flag": 2,
    "change_message": "[{\"changed\": {\"fields\": [\"own\"]}}]"
  }
},
{
  "model": "admin.logentry",
  "pk": 181,
  "fields": {
    "action_time": "2018-03-06T10:46:15.162Z",
    "user": 2,
    "content_type": 21,
    "object_id": "15",
    "object_repr": "vacuumfillers.com",
    "action_flag": 2,
    "change_message": "[{\"changed\": {\"fields\": [\"own\"]}}]"
  }
},
{
  "model": "admin.logentry",
  "pk": 182,
  "fields": {
    "action_time": "2018-03-06T10:46:19.458Z",
    "user": 2,
    "content_type": 21,
    "object_id": "14",
    "object_repr": "colmatrici.it",
    "action_flag": 2,
    "change_message": "[{\"changed\": {\"fields\": [\"own\"]}}]"
  }
},
{
  "model": "admin.logentry",
  "pk": 183,
  "fields": {
    "action_time": "2018-03-06T10:46:23.744Z",
    "user": 2,
    "content_type": 21,
    "object_id": "13",
    "object_repr": "dosatorivolumetrici.com",
    "action_flag": 2,
    "change_message": "[{\"changed\": {\"fields\": [\"own\"]}}]"
  }
},
{
  "model": "admin.logentry",
  "pk": 184,
  "fields": {
    "action_time": "2018-03-06T10:46:28.701Z",
    "user": 2,
    "content_type": 21,
    "object_id": "12",
    "object_repr": "dosatricivolumetriche.com",
    "action_flag": 2,
    "change_message": "[{\"changed\": {\"fields\": [\"own\"]}}]"
  }
},
{
  "model": "admin.logentry",
  "pk": 185,
  "fields": {
    "action_time": "2018-03-06T10:46:33.171Z",
    "user": 2,
    "content_type": 21,
    "object_id": "11",
    "object_repr": "pistonfillers.it",
    "action_flag": 2,
    "change_message": "[{\"changed\": {\"fields\": [\"own\"]}}]"
  }
},
{
  "model": "admin.logentry",
  "pk": 186,
  "fields": {
    "action_time": "2018-03-06T10:46:37.603Z",
    "user": 2,
    "content_type": 21,
    "object_id": "10",
    "object_repr": "doselite.it",
    "action_flag": 2,
    "change_message": "[{\"changed\": {\"fields\": [\"own\"]}}]"
  }
},
{
  "model": "admin.logentry",
  "pk": 187,
  "fields": {
    "action_time": "2018-03-06T10:46:44.543Z",
    "user": 2,
    "content_type": 21,
    "object_id": "9",
    "object_repr": "colmatori.it",
    "action_flag": 2,
    "change_message": "[{\"changed\": {\"fields\": [\"own\"]}}]"
  }
},
{
  "model": "admin.logentry",
  "pk": 188,
  "fields": {
    "action_time": "2018-03-06T10:46:48.964Z",
    "user": 2,
    "content_type": 21,
    "object_id": "8",
    "object_repr": "riempitricivolumetriche.it",
    "action_flag": 2,
    "change_message": "[{\"changed\": {\"fields\": [\"own\"]}}]"
  }
},
{
  "model": "admin.logentry",
  "pk": 189,
  "fields": {
    "action_time": "2018-03-06T10:46:53.477Z",
    "user": 2,
    "content_type": 21,
    "object_id": "7",
    "object_repr": "colmatore.it",
    "action_flag": 2,
    "change_message": "[{\"changed\": {\"fields\": [\"own\"]}}]"
  }
},
{
  "model": "admin.logentry",
  "pk": 190,
  "fields": {
    "action_time": "2018-03-06T10:46:58.091Z",
    "user": 2,
    "content_type": 21,
    "object_id": "6",
    "object_repr": "colmatrice.it",
    "action_flag": 2,
    "change_message": "[{\"changed\": {\"fields\": [\"own\"]}}]"
  }
},
{
  "model": "admin.logentry",
  "pk": 191,
  "fields": {
    "action_time": "2018-03-06T10:47:03.322Z",
    "user": 2,
    "content_type": 21,
    "object_id": "5",
    "object_repr": "riempitricevolumetrica.it",
    "action_flag": 2,
    "change_message": "[{\"changed\": {\"fields\": [\"own\"]}}]"
  }
},
{
  "model": "admin.logentry",
  "pk": 192,
  "fields": {
    "action_time": "2018-03-06T10:47:08.707Z",
    "user": 2,
    "content_type": 21,
    "object_id": "4",
    "object_repr": "wepersonal.com",
    "action_flag": 2,
    "change_message": "[{\"changed\": {\"fields\": [\"own\"]}}]"
  }
},
{
  "model": "admin.logentry",
  "pk": 193,
  "fields": {
    "action_time": "2018-03-06T10:47:14.431Z",
    "user": 2,
    "content_type": 21,
    "object_id": "3",
    "object_repr": "eglab.it",
    "action_flag": 2,
    "change_message": "[{\"changed\": {\"fields\": [\"own\"]}}]"
  }
},
{
  "model": "admin.logentry",
  "pk": 194,
  "fields": {
    "action_time": "2018-03-06T10:47:19.669Z",
    "user": 2,
    "content_type": 21,
    "object_id": "2",
    "object_repr": "ladredipiante.com",
    "action_flag": 2,
    "change_message": "[{\"changed\": {\"fields\": [\"own\"]}}]"
  }
},
{
  "model": "admin.logentry",
  "pk": 195,
  "fields": {
    "action_time": "2018-03-06T10:47:24.973Z",
    "user": 2,
    "content_type": 21,
    "object_id": "1",
    "object_repr": "baldiflex.it",
    "action_flag": 2,
    "change_message": "[{\"changed\": {\"fields\": [\"own\"]}}]"
  }
},
{
  "model": "admin.logentry",
  "pk": 196,
  "fields": {
    "action_time": "2018-03-06T10:48:34.419Z",
    "user": 2,
    "content_type": 21,
    "object_id": "18",
    "object_repr": "abetoneapm.it",
    "action_flag": 1,
    "change_message": "[{\"added\": {}}]"
  }
},
{
  "model": "admin.logentry",
  "pk": 197,
  "fields": {
    "action_time": "2018-03-06T10:48:55.916Z",
    "user": 2,
    "content_type": 21,
    "object_id": "19",
    "object_repr": "agriturismoamedea.it",
    "action_flag": 1,
    "change_message": "[{\"added\": {}}]"
  }
},
{
  "model": "admin.logentry",
  "pk": 198,
  "fields": {
    "action_time": "2018-03-06T10:49:16.971Z",
    "user": 2,
    "content_type": 21,
    "object_id": "20",
    "object_repr": "alessandrofini.com",
    "action_flag": 1,
    "change_message": "[{\"added\": {}}]"
  }
},
{
  "model": "admin.logentry",
  "pk": 199,
  "fields": {
    "action_time": "2018-03-06T10:49:42.328Z",
    "user": 2,
    "content_type": 21,
    "object_id": "21",
    "object_repr": "alessandrofini.it",
    "action_flag": 1,
    "change_message": "[{\"added\": {}}]"
  }
},
{
  "model": "admin.logentry",
  "pk": 200,
  "fields": {
    "action_time": "2018-03-06T10:50:24.026Z",
    "user": 2,
    "content_type": 21,
    "object_id": "22",
    "object_repr": "alibaba.re",
    "action_flag": 1,
    "change_message": "[{\"added\": {}}]"
  }
},
{
  "model": "admin.logentry",
  "pk": 201,
  "fields": {
    "action_time": "2018-03-06T10:50:59.704Z",
    "user": 2,
    "content_type": 21,
    "object_id": "23",
    "object_repr": "amanuda.biz",
    "action_flag": 1,
    "change_message": "[{\"added\": {}}]"
  }
},
{
  "model": "admin.logentry",
  "pk": 202,
  "fields": {
    "action_time": "2018-03-06T10:51:26.706Z",
    "user": 2,
    "content_type": 21,
    "object_id": "24",
    "object_repr": "amanuda.club",
    "action_flag": 1,
    "change_message": "[{\"added\": {}}]"
  }
},
{
  "model": "admin.logentry",
  "pk": 203,
  "fields": {
    "action_time": "2018-03-06T10:51:47.597Z",
    "user": 2,
    "content_type": 21,
    "object_id": "25",
    "object_repr": "amanuda.com",
    "action_flag": 1,
    "change_message": "[{\"added\": {}}]"
  }
},
{
  "model": "admin.logentry",
  "pk": 204,
  "fields": {
    "action_time": "2018-03-06T10:52:25.139Z",
    "user": 2,
    "content_type": 21,
    "object_id": "26",
    "object_repr": "amanuda.eu",
    "action_flag": 1,
    "change_message": "[{\"added\": {}}]"
  }
},
{
  "model": "admin.logentry",
  "pk": 205,
  "fields": {
    "action_time": "2018-03-06T10:52:50.043Z",
    "user": 2,
    "content_type": 21,
    "object_id": "27",
    "object_repr": "amanuda.info",
    "action_flag": 1,
    "change_message": "[{\"added\": {}}]"
  }
},
{
  "model": "admin.logentry",
  "pk": 206,
  "fields": {
    "action_time": "2018-03-06T10:53:24.351Z",
    "user": 2,
    "content_type": 21,
    "object_id": "28",
    "object_repr": "amanuda.it",
    "action_flag": 1,
    "change_message": "[{\"added\": {}}]"
  }
},
{
  "model": "admin.logentry",
  "pk": 207,
  "fields": {
    "action_time": "2018-03-06T10:53:52.640Z",
    "user": 2,
    "content_type": 21,
    "object_id": "29",
    "object_repr": "amanuda.me",
    "action_flag": 1,
    "change_message": "[{\"added\": {}}]"
  }
},
{
  "model": "admin.logentry",
  "pk": 208,
  "fields": {
    "action_time": "2018-03-06T10:54:23.611Z",
    "user": 2,
    "content_type": 21,
    "object_id": "30",
    "object_repr": "amanuda.net",
    "action_flag": 1,
    "change_message": "[{\"added\": {}}]"
  }
},
{
  "model": "admin.logentry",
  "pk": 209,
  "fields": {
    "action_time": "2018-03-06T10:54:54.530Z",
    "user": 2,
    "content_type": 21,
    "object_id": "31",
    "object_repr": "amanuda.org",
    "action_flag": 1,
    "change_message": "[{\"added\": {}}]"
  }
},
{
  "model": "admin.logentry",
  "pk": 210,
  "fields": {
    "action_time": "2018-03-06T10:55:25.887Z",
    "user": 2,
    "content_type": 21,
    "object_id": "32",
    "object_repr": "amanuda.pro",
    "action_flag": 1,
    "change_message": "[{\"added\": {}}]"
  }
},
{
  "model": "admin.logentry",
  "pk": 211,
  "fields": {
    "action_time": "2018-03-06T11:07:55.996Z",
    "user": 2,
    "content_type": 21,
    "object_id": "33",
    "object_repr": "amanuda.site",
    "action_flag": 1,
    "change_message": "[{\"added\": {}}]"
  }
},
{
  "model": "admin.logentry",
  "pk": 212,
  "fields": {
    "action_time": "2018-03-06T11:08:33.896Z",
    "user": 2,
    "content_type": 21,
    "object_id": "34",
    "object_repr": "amanuda.webcam",
    "action_flag": 1,
    "change_message": "[{\"added\": {}}]"
  }
},
{
  "model": "admin.logentry",
  "pk": 213,
  "fields": {
    "action_time": "2018-03-06T11:09:00.930Z",
    "user": 2,
    "content_type": 21,
    "object_id": "35",
    "object_repr": "amanuda..website",
    "action_flag": 1,
    "change_message": "[{\"added\": {}}]"
  }
},
{
  "model": "admin.logentry",
  "pk": 214,
  "fields": {
    "action_time": "2018-03-06T11:09:56.673Z",
    "user": 2,
    "content_type": 21,
    "object_id": "36",
    "object_repr": "andyleatherfactory.it",
    "action_flag": 1,
    "change_message": "[{\"added\": {}}]"
  }
},
{
  "model": "admin.logentry",
  "pk": 215,
  "fields": {
    "action_time": "2018-03-06T11:10:12.031Z",
    "user": 2,
    "content_type": 21,
    "object_id": "37",
    "object_repr": "artshopgallery.it",
    "action_flag": 1,
    "change_message": "[{\"added\": {}}]"
  }
},
{
  "model": "admin.logentry",
  "pk": 216,
  "fields": {
    "action_time": "2018-03-06T11:10:46.459Z",
    "user": 2,
    "content_type": 21,
    "object_id": "38",
    "object_repr": "associazionecrescere.it",
    "action_flag": 1,
    "change_message": "[{\"added\": {}}]"
  }
},
{
  "model": "admin.logentry",
  "pk": 217,
  "fields": {
    "action_time": "2018-03-06T11:11:25.466Z",
    "user": 2,
    "content_type": 21,
    "object_id": "39",
    "object_repr": "bagelfactory.co.uk",
    "action_flag": 1,
    "change_message": "[{\"added\": {}}]"
  }
},
{
  "model": "admin.logentry",
  "pk": 218,
  "fields": {
    "action_time": "2018-03-06T11:11:52.843Z",
    "user": 2,
    "content_type": 21,
    "object_id": "40",
    "object_repr": "bagelfactory.it",
    "action_flag": 1,
    "change_message": "[{\"added\": {}}]"
  }
},
{
  "model": "admin.logentry",
  "pk": 219,
  "fields": {
    "action_time": "2018-03-06T11:12:23.462Z",
    "user": 2,
    "content_type": 21,
    "object_id": "41",
    "object_repr": "baldiflex.it",
    "action_flag": 1,
    "change_message": "[{\"added\": {}}]"
  }
},
{
  "model": "admin.logentry",
  "pk": 220,
  "fields": {
    "action_time": "2018-03-06T11:12:53.491Z",
    "user": 2,
    "content_type": 21,
    "object_id": "42",
    "object_repr": "banana.re",
    "action_flag": 1,
    "change_message": "[{\"added\": {}}]"
  }
},
{
  "model": "admin.logentry",
  "pk": 221,
  "fields": {
    "action_time": "2018-03-06T11:13:42.169Z",
    "user": 2,
    "content_type": 21,
    "object_id": "43",
    "object_repr": "barcoreale.com",
    "action_flag": 1,
    "change_message": "[{\"added\": {}}]"
  }
},
{
  "model": "admin.logentry",
  "pk": 222,
  "fields": {
    "action_time": "2018-03-06T11:14:06.949Z",
    "user": 2,
    "content_type": 21,
    "object_id": "44",
    "object_repr": "barcoreale.it",
    "action_flag": 1,
    "change_message": "[{\"added\": {}}]"
  }
},
{
  "model": "admin.logentry",
  "pk": 223,
  "fields": {
    "action_time": "2018-03-06T11:14:55.429Z",
    "user": 2,
    "content_type": 21,
    "object_id": "45",
    "object_repr": "bizzarrimaurizio.com",
    "action_flag": 1,
    "change_message": "[{\"added\": {}}]"
  }
},
{
  "model": "admin.logentry",
  "pk": 224,
  "fields": {
    "action_time": "2018-03-06T11:15:34.939Z",
    "user": 2,
    "content_type": 21,
    "object_id": "46",
    "object_repr": "bizzarrimaurizio.it",
    "action_flag": 1,
    "change_message": "[{\"added\": {}}]"
  }
},
{
  "model": "admin.logentry",
  "pk": 225,
  "fields": {
    "action_time": "2018-03-06T11:16:11.656Z",
    "user": 2,
    "content_type": 21,
    "object_id": "47",
    "object_repr": "bloving.it",
    "action_flag": 1,
    "change_message": "[{\"added\": {}}]"
  }
},
{
  "model": "admin.logentry",
  "pk": 226,
  "fields": {
    "action_time": "2018-03-06T11:16:47.102Z",
    "user": 2,
    "content_type": 21,
    "object_id": "48",
    "object_repr": "camillassecrets.com",
    "action_flag": 1,
    "change_message": "[{\"added\": {}}]"
  }
},
{
  "model": "admin.logentry",
  "pk": 227,
  "fields": {
    "action_time": "2018-03-06T11:17:33.076Z",
    "user": 2,
    "content_type": 21,
    "object_id": "49",
    "object_repr": "capitalecultura2017.it",
    "action_flag": 1,
    "change_message": "[{\"added\": {}}]"
  }
},
{
  "model": "admin.logentry",
  "pk": 228,
  "fields": {
    "action_time": "2018-03-06T11:17:56.420Z",
    "user": 2,
    "content_type": 21,
    "object_id": "50",
    "object_repr": "casafamiglia.info",
    "action_flag": 1,
    "change_message": "[{\"added\": {}}]"
  }
},
{
  "model": "admin.logentry",
  "pk": 229,
  "fields": {
    "action_time": "2018-03-06T11:18:22.611Z",
    "user": 2,
    "content_type": 21,
    "object_id": "51",
    "object_repr": "centrointerculturalepistoia.it",
    "action_flag": 1,
    "change_message": "[{\"added\": {}}]"
  }
},
{
  "model": "admin.logentry",
  "pk": 230,
  "fields": {
    "action_time": "2018-03-06T11:18:45.463Z",
    "user": 2,
    "content_type": 21,
    "object_id": "52",
    "object_repr": "comeorganizzareilmatrimonio.it",
    "action_flag": 1,
    "change_message": "[{\"added\": {}}]"
  }
},
{
  "model": "admin.logentry",
  "pk": 231,
  "fields": {
    "action_time": "2018-03-06T11:19:36.680Z",
    "user": 2,
    "content_type": 21,
    "object_id": "53",
    "object_repr": "consorzioambulantitoscana.it",
    "action_flag": 1,
    "change_message": "[{\"added\": {}}]"
  }
},
{
  "model": "admin.logentry",
  "pk": 232,
  "fields": {
    "action_time": "2018-03-06T11:20:03.119Z",
    "user": 2,
    "content_type": 21,
    "object_id": "54",
    "object_repr": "coopagritur.com",
    "action_flag": 1,
    "change_message": "[{\"added\": {}}]"
  }
},
{
  "model": "admin.logentry",
  "pk": 233,
  "fields": {
    "action_time": "2018-03-06T11:21:00.523Z",
    "user": 2,
    "content_type": 21,
    "object_id": "55",
    "object_repr": "coworkare.it",
    "action_flag": 1,
    "change_message": "[{\"added\": {}}]"
  }
},
{
  "model": "admin.logentry",
  "pk": 234,
  "fields": {
    "action_time": "2018-03-06T11:21:36.390Z",
    "user": 2,
    "content_type": 21,
    "object_id": "56",
    "object_repr": "coworkingpistoia.com",
    "action_flag": 1,
    "change_message": "[{\"added\": {}}]"
  }
},
{
  "model": "admin.logentry",
  "pk": 235,
  "fields": {
    "action_time": "2018-03-06T11:22:03.674Z",
    "user": 2,
    "content_type": 21,
    "object_id": "57",
    "object_repr": "coworkingpistoia.it",
    "action_flag": 1,
    "change_message": "[{\"added\": {}}]"
  }
},
{
  "model": "admin.logentry",
  "pk": 236,
  "fields": {
    "action_time": "2018-03-06T11:22:39.105Z",
    "user": 2,
    "content_type": 21,
    "object_id": "58",
    "object_repr": "cozzeriapluma.it",
    "action_flag": 1,
    "change_message": "[{\"added\": {}}]"
  }
},
{
  "model": "admin.logentry",
  "pk": 237,
  "fields": {
    "action_time": "2018-03-06T11:23:21.293Z",
    "user": 2,
    "content_type": 21,
    "object_id": "59",
    "object_repr": "cuccioletti.com",
    "action_flag": 1,
    "change_message": "[{\"added\": {}}]"
  }
},
{
  "model": "admin.logentry",
  "pk": 238,
  "fields": {
    "action_time": "2018-03-06T11:23:50.571Z",
    "user": 2,
    "content_type": 21,
    "object_id": "60",
    "object_repr": "cuccioletti.it",
    "action_flag": 1,
    "change_message": "[{\"added\": {}}]"
  }
},
{
  "model": "admin.logentry",
  "pk": 239,
  "fields": {
    "action_time": "2018-03-06T11:24:21.142Z",
    "user": 2,
    "content_type": 21,
    "object_id": "61",
    "object_repr": "daddysneatness.com",
    "action_flag": 1,
    "change_message": "[{\"added\": {}}]"
  }
},
{
  "model": "admin.logentry",
  "pk": 240,
  "fields": {
    "action_time": "2018-03-06T11:24:53.912Z",
    "user": 2,
    "content_type": 21,
    "object_id": "62",
    "object_repr": "decorazionidegiacomo.com",
    "action_flag": 1,
    "change_message": "[{\"added\": {}}]"
  }
},
{
  "model": "admin.logentry",
  "pk": 241,
  "fields": {
    "action_time": "2018-03-06T11:25:28.103Z",
    "user": 2,
    "content_type": 21,
    "object_id": "63",
    "object_repr": "decorazionidegiacomo.it",
    "action_flag": 1,
    "change_message": "[{\"added\": {}}]"
  }
},
{
  "model": "admin.logentry",
  "pk": 242,
  "fields": {
    "action_time": "2018-03-06T11:26:01.854Z",
    "user": 2,
    "content_type": 21,
    "object_id": "64",
    "object_repr": "dolonowa.com",
    "action_flag": 1,
    "change_message": "[{\"added\": {}}]"
  }
},
{
  "model": "admin.logentry",
  "pk": 243,
  "fields": {
    "action_time": "2018-03-06T11:26:28.214Z",
    "user": 2,
    "content_type": 21,
    "object_id": "65",
    "object_repr": "dontread.me",
    "action_flag": 1,
    "change_message": "[{\"added\": {}}]"
  }
},
{
  "model": "admin.logentry",
  "pk": 244,
  "fields": {
    "action_time": "2018-03-06T11:27:14.490Z",
    "user": 2,
    "content_type": 21,
    "object_id": "66",
    "object_repr": "easyparket.it",
    "action_flag": 1,
    "change_message": "[{\"added\": {}}]"
  }
},
{
  "model": "admin.logentry",
  "pk": 245,
  "fields": {
    "action_time": "2018-03-06T11:27:48.542Z",
    "user": 2,
    "content_type": 21,
    "object_id": "67",
    "object_repr": "elettrotecnicaagostini.it",
    "action_flag": 1,
    "change_message": "[{\"added\": {}}]"
  }
},
{
  "model": "admin.logentry",
  "pk": 246,
  "fields": {
    "action_time": "2018-03-06T11:28:17.559Z",
    "user": 2,
    "content_type": 21,
    "object_id": "68",
    "object_repr": "eredifebruari.it",
    "action_flag": 1,
    "change_message": "[{\"added\": {}}]"
  }
},
{
  "model": "admin.logentry",
  "pk": 247,
  "fields": {
    "action_time": "2018-03-06T11:29:00.727Z",
    "user": 2,
    "content_type": 21,
    "object_id": "69",
    "object_repr": "ewamariapacini.it",
    "action_flag": 1,
    "change_message": "[{\"added\": {}}]"
  }
},
{
  "model": "admin.logentry",
  "pk": 248,
  "fields": {
    "action_time": "2018-03-06T11:29:30.479Z",
    "user": 2,
    "content_type": 21,
    "object_id": "70",
    "object_repr": "frascio.com",
    "action_flag": 1,
    "change_message": "[{\"added\": {}}]"
  }
},
{
  "model": "admin.logentry",
  "pk": 249,
  "fields": {
    "action_time": "2018-03-06T11:29:59.368Z",
    "user": 2,
    "content_type": 21,
    "object_id": "71",
    "object_repr": "frascio.it",
    "action_flag": 1,
    "change_message": "[{\"added\": {}}]"
  }
},
{
  "model": "admin.logentry",
  "pk": 250,
  "fields": {
    "action_time": "2018-03-06T11:30:18.294Z",
    "user": 2,
    "content_type": 21,
    "object_id": "72",
    "object_repr": "gymnasiumspaziodonna.it",
    "action_flag": 1,
    "change_message": "[{\"added\": {}}]"
  }
},
{
  "model": "admin.logentry",
  "pk": 251,
  "fields": {
    "action_time": "2018-03-06T11:30:49.279Z",
    "user": 2,
    "content_type": 21,
    "object_id": "73",
    "object_repr": "hotelabetone.eu",
    "action_flag": 1,
    "change_message": "[{\"added\": {}}]"
  }
},
{
  "model": "admin.logentry",
  "pk": 252,
  "fields": {
    "action_time": "2018-03-06T11:31:18.037Z",
    "user": 2,
    "content_type": 21,
    "object_id": "74",
    "object_repr": "immobiliareaip.it",
    "action_flag": 1,
    "change_message": "[{\"added\": {}}]"
  }
},
{
  "model": "admin.logentry",
  "pk": 253,
  "fields": {
    "action_time": "2018-03-06T11:31:48.971Z",
    "user": 2,
    "content_type": 21,
    "object_id": "75",
    "object_repr": "immobiliarepistoiese.it",
    "action_flag": 1,
    "change_message": "[{\"added\": {}}]"
  }
},
{
  "model": "admin.logentry",
  "pk": 254,
  "fields": {
    "action_time": "2018-03-06T11:32:19.079Z",
    "user": 2,
    "content_type": 21,
    "object_id": "76",
    "object_repr": "innocentisilvano.it",
    "action_flag": 1,
    "change_message": "[{\"added\": {}}]"
  }
},
{
  "model": "admin.logentry",
  "pk": 255,
  "fields": {
    "action_time": "2018-03-06T11:41:51.091Z",
    "user": 2,
    "content_type": 21,
    "object_id": "77",
    "object_repr": "intelligenttourism.it",
    "action_flag": 1,
    "change_message": "[{\"added\": {}}]"
  }
},
{
  "model": "admin.logentry",
  "pk": 256,
  "fields": {
    "action_time": "2018-03-06T11:42:15.345Z",
    "user": 2,
    "content_type": 21,
    "object_id": "78",
    "object_repr": "italymaterassi.com",
    "action_flag": 1,
    "change_message": "[{\"added\": {}}]"
  }
},
{
  "model": "admin.logentry",
  "pk": 257,
  "fields": {
    "action_time": "2018-03-06T11:43:34.675Z",
    "user": 2,
    "content_type": 21,
    "object_id": "79",
    "object_repr": "italymaterassi.it",
    "action_flag": 1,
    "change_message": "[{\"added\": {}}]"
  }
},
{
  "model": "admin.logentry",
  "pk": 258,
  "fields": {
    "action_time": "2018-03-06T11:44:47.427Z",
    "user": 2,
    "content_type": 21,
    "object_id": "80",
    "object_repr": "jorpak.it",
    "action_flag": 1,
    "change_message": "[{\"added\": {}}]"
  }
},
{
  "model": "admin.logentry",
  "pk": 259,
  "fields": {
    "action_time": "2018-03-06T11:45:18.369Z",
    "user": 2,
    "content_type": 21,
    "object_id": "81",
    "object_repr": "labottegadilinchetto.com",
    "action_flag": 1,
    "change_message": "[{\"added\": {}}]"
  }
},
{
  "model": "admin.logentry",
  "pk": 260,
  "fields": {
    "action_time": "2018-03-06T11:50:39.918Z",
    "user": 2,
    "content_type": 21,
    "object_id": "82",
    "object_repr": "ladredipiante.com",
    "action_flag": 1,
    "change_message": "[{\"added\": {}}]"
  }
},
{
  "model": "admin.logentry",
  "pk": 261,
  "fields": {
    "action_time": "2018-03-06T11:52:27.326Z",
    "user": 2,
    "content_type": 21,
    "object_id": "83",
    "object_repr": "littlemonsterchic.com",
    "action_flag": 1,
    "change_message": "[{\"added\": {}}]"
  }
},
{
  "model": "admin.logentry",
  "pk": 262,
  "fields": {
    "action_time": "2018-03-06T11:53:12.361Z",
    "user": 2,
    "content_type": 21,
    "object_id": "84",
    "object_repr": "lotrek.company",
    "action_flag": 1,
    "change_message": "[{\"added\": {}}]"
  }
},
{
  "model": "admin.logentry",
  "pk": 263,
  "fields": {
    "action_time": "2018-03-06T11:53:40.152Z",
    "user": 2,
    "content_type": 21,
    "object_id": "85",
    "object_repr": "lotrek.eu",
    "action_flag": 1,
    "change_message": "[{\"added\": {}}]"
  }
},
{
  "model": "admin.logentry",
  "pk": 264,
  "fields": {
    "action_time": "2018-03-06T11:54:19.826Z",
    "user": 2,
    "content_type": 21,
    "object_id": "86",
    "object_repr": "lotrek.it",
    "action_flag": 1,
    "change_message": "[{\"added\": {}}]"
  }
},
{
  "model": "admin.logentry",
  "pk": 265,
  "fields": {
    "action_time": "2018-03-06T11:54:52.147Z",
    "user": 2,
    "content_type": 21,
    "object_id": "87",
    "object_repr": "lotrek.net",
    "action_flag": 1,
    "change_message": "[{\"added\": {}}]"
  }
},
{
  "model": "admin.logentry",
  "pk": 266,
  "fields": {
    "action_time": "2018-03-06T11:55:23.143Z",
    "user": 2,
    "content_type": 21,
    "object_id": "88",
    "object_repr": "managy.it",
    "action_flag": 1,
    "change_message": "[{\"added\": {}}]"
  }
},
{
  "model": "admin.logentry",
  "pk": 267,
  "fields": {
    "action_time": "2018-03-06T11:55:45.404Z",
    "user": 2,
    "content_type": 21,
    "object_id": "89",
    "object_repr": "mangiacitta.com",
    "action_flag": 1,
    "change_message": "[{\"added\": {}}]"
  }
},
{
  "model": "admin.logentry",
  "pk": 268,
  "fields": {
    "action_time": "2018-03-06T11:56:06.188Z",
    "user": 2,
    "content_type": 21,
    "object_id": "90",
    "object_repr": "mangiacitta.it",
    "action_flag": 1,
    "change_message": "[{\"added\": {}}]"
  }
},
{
  "model": "admin.logentry",
  "pk": 269,
  "fields": {
    "action_time": "2018-03-06T11:56:31.549Z",
    "user": 2,
    "content_type": 21,
    "object_id": "91",
    "object_repr": "mangiapistoia.it",
    "action_flag": 1,
    "change_message": "[{\"added\": {}}]"
  }
},
{
  "model": "admin.logentry",
  "pk": 270,
  "fields": {
    "action_time": "2018-03-06T11:56:39.702Z",
    "user": 2,
    "content_type": 21,
    "object_id": "91",
    "object_repr": "mangiapistoia.it",
    "action_flag": 2,
    "change_message": "[{\"changed\": {\"fields\": [\"own\", \"registar\"]}}]"
  }
},
{
  "model": "admin.logentry",
  "pk": 271,
  "fields": {
    "action_time": "2018-03-06T11:57:10.867Z",
    "user": 2,
    "content_type": 21,
    "object_id": "92",
    "object_repr": "marbec.it",
    "action_flag": 1,
    "change_message": "[{\"added\": {}}]"
  }
},
{
  "model": "admin.logentry",
  "pk": 272,
  "fields": {
    "action_time": "2018-03-06T11:57:33.928Z",
    "user": 2,
    "content_type": 21,
    "object_id": "93",
    "object_repr": "marcochistolini.it",
    "action_flag": 1,
    "change_message": "[{\"added\": {}}]"
  }
},
{
  "model": "admin.logentry",
  "pk": 273,
  "fields": {
    "action_time": "2018-03-06T11:57:57.698Z",
    "user": 2,
    "content_type": 21,
    "object_id": "94",
    "object_repr": "milofilms.it",
    "action_flag": 1,
    "change_message": "[{\"added\": {}}]"
  }
},
{
  "model": "admin.logentry",
  "pk": 274,
  "fields": {
    "action_time": "2018-03-06T11:58:45.537Z",
    "user": 2,
    "content_type": 21,
    "object_id": "95",
    "object_repr": "moka-cafe.co.uk",
    "action_flag": 1,
    "change_message": "[{\"added\": {}}]"
  }
},
{
  "model": "admin.logentry",
  "pk": 275,
  "fields": {
    "action_time": "2018-03-06T11:59:14.155Z",
    "user": 2,
    "content_type": 21,
    "object_id": "96",
    "object_repr": "moka-cafe.uk",
    "action_flag": 1,
    "change_message": "[{\"added\": {}}]"
  }
},
{
  "model": "admin.logentry",
  "pk": 276,
  "fields": {
    "action_time": "2018-03-06T11:59:43.494Z",
    "user": 2,
    "content_type": 21,
    "object_id": "97",
    "object_repr": "muriacolori.com",
    "action_flag": 1,
    "change_message": "[{\"added\": {}}]"
  }
},
{
  "model": "admin.logentry",
  "pk": 277,
  "fields": {
    "action_time": "2018-03-06T12:00:00.824Z",
    "user": 2,
    "content_type": 21,
    "object_id": "98",
    "object_repr": "muriacolori.it",
    "action_flag": 1,
    "change_message": "[{\"added\": {}}]"
  }
},
{
  "model": "admin.logentry",
  "pk": 278,
  "fields": {
    "action_time": "2018-03-06T12:00:30.954Z",
    "user": 2,
    "content_type": 21,
    "object_id": "99",
    "object_repr": "outletpiante.com",
    "action_flag": 1,
    "change_message": "[{\"added\": {}}]"
  }
},
{
  "model": "admin.logentry",
  "pk": 279,
  "fields": {
    "action_time": "2018-03-06T12:01:00.588Z",
    "user": 2,
    "content_type": 21,
    "object_id": "100",
    "object_repr": "paceshowroom.com",
    "action_flag": 1,
    "change_message": "[{\"added\": {}}]"
  }
},
{
  "model": "admin.logentry",
  "pk": 280,
  "fields": {
    "action_time": "2018-03-06T12:01:45.146Z",
    "user": 2,
    "content_type": 21,
    "object_id": "101",
    "object_repr": "paceshowroom.it",
    "action_flag": 1,
    "change_message": "[{\"added\": {}}]"
  }
},
{
  "model": "admin.logentry",
  "pk": 281,
  "fields": {
    "action_time": "2018-03-06T12:02:17.122Z",
    "user": 2,
    "content_type": 21,
    "object_id": "102",
    "object_repr": "paperbeam.it",
    "action_flag": 1,
    "change_message": "[{\"added\": {}}]"
  }
},
{
  "model": "admin.logentry",
  "pk": 282,
  "fields": {
    "action_time": "2018-03-06T12:03:58.038Z",
    "user": 2,
    "content_type": 21,
    "object_id": "103",
    "object_repr": "patriziomezzani.it",
    "action_flag": 1,
    "change_message": "[{\"added\": {}}]"
  }
},
{
  "model": "admin.logentry",
  "pk": 283,
  "fields": {
    "action_time": "2018-03-06T12:04:52.831Z",
    "user": 2,
    "content_type": 21,
    "object_id": "104",
    "object_repr": "pazzaglia.biz",
    "action_flag": 1,
    "change_message": "[{\"added\": {}}]"
  }
},
{
  "model": "admin.logentry",
  "pk": 284,
  "fields": {
    "action_time": "2018-03-06T12:05:19.800Z",
    "user": 2,
    "content_type": 21,
    "object_id": "105",
    "object_repr": "pazzaglia.eu",
    "action_flag": 1,
    "change_message": "[{\"added\": {}}]"
  }
},
{
  "model": "admin.logentry",
  "pk": 285,
  "fields": {
    "action_time": "2018-03-06T12:06:18.419Z",
    "user": 2,
    "content_type": 21,
    "object_id": "106",
    "object_repr": "pazzaglia.net",
    "action_flag": 1,
    "change_message": "[{\"added\": {}}]"
  }
},
{
  "model": "admin.logentry",
  "pk": 286,
  "fields": {
    "action_time": "2018-03-06T12:06:42.487Z",
    "user": 2,
    "content_type": 21,
    "object_id": "107",
    "object_repr": "pazzaglia.us",
    "action_flag": 1,
    "change_message": "[{\"added\": {}}]"
  }
},
{
  "model": "admin.logentry",
  "pk": 287,
  "fields": {
    "action_time": "2018-03-06T12:07:06.390Z",
    "user": 2,
    "content_type": 21,
    "object_id": "108",
    "object_repr": "pistoiaturismo.it",
    "action_flag": 1,
    "change_message": "[{\"added\": {}}]"
  }
},
{
  "model": "admin.logentry",
  "pk": 288,
  "fields": {
    "action_time": "2018-03-06T12:07:35.053Z",
    "user": 2,
    "content_type": 21,
    "object_id": "109",
    "object_repr": "pointerdeimascii.it",
    "action_flag": 1,
    "change_message": "[{\"added\": {}}]"
  }
},
{
  "model": "admin.logentry",
  "pk": 289,
  "fields": {
    "action_time": "2018-03-06T12:08:02.184Z",
    "user": 2,
    "content_type": 21,
    "object_id": "110",
    "object_repr": "punto-service.info",
    "action_flag": 1,
    "change_message": "[{\"added\": {}}]"
  }
},
{
  "model": "admin.logentry",
  "pk": 290,
  "fields": {
    "action_time": "2018-03-06T12:08:35.932Z",
    "user": 2,
    "content_type": 21,
    "object_id": "111",
    "object_repr": "puntocasadesign.it",
    "action_flag": 1,
    "change_message": "[{\"added\": {}}]"
  }
},
{
  "model": "admin.logentry",
  "pk": 291,
  "fields": {
    "action_time": "2018-03-06T12:09:06.546Z",
    "user": 2,
    "content_type": 21,
    "object_id": "112",
    "object_repr": "regaladolcezze.com",
    "action_flag": 1,
    "change_message": "[{\"added\": {}}]"
  }
},
{
  "model": "admin.logentry",
  "pk": 292,
  "fields": {
    "action_time": "2018-03-06T12:09:31.670Z",
    "user": 2,
    "content_type": 21,
    "object_id": "113",
    "object_repr": "regaladolcezze.it",
    "action_flag": 1,
    "change_message": "[{\"added\": {}}]"
  }
},
{
  "model": "admin.logentry",
  "pk": 293,
  "fields": {
    "action_time": "2018-03-06T12:09:57.680Z",
    "user": 2,
    "content_type": 21,
    "object_id": "114",
    "object_repr": "residenzapalazzovisdomini.com",
    "action_flag": 1,
    "change_message": "[{\"added\": {}}]"
  }
},
{
  "model": "admin.logentry",
  "pk": 294,
  "fields": {
    "action_time": "2018-03-06T12:10:35.659Z",
    "user": 2,
    "content_type": 21,
    "object_id": "115",
    "object_repr": "reslaflex.com",
    "action_flag": 1,
    "change_message": "[{\"added\": {}}]"
  }
},
{
  "model": "admin.logentry",
  "pk": 295,
  "fields": {
    "action_time": "2018-03-06T12:11:02.259Z",
    "user": 2,
    "content_type": 21,
    "object_id": "116",
    "object_repr": "reslaflex.it",
    "action_flag": 1,
    "change_message": "[{\"added\": {}}]"
  }
},
{
  "model": "admin.logentry",
  "pk": 296,
  "fields": {
    "action_time": "2018-03-06T12:11:25.917Z",
    "user": 2,
    "content_type": 21,
    "object_id": "117",
    "object_repr": "rmutt1917.it",
    "action_flag": 1,
    "change_message": "[{\"added\": {}}]"
  }
},
{
  "model": "admin.logentry",
  "pk": 297,
  "fields": {
    "action_time": "2018-03-06T12:11:53.379Z",
    "user": 2,
    "content_type": 21,
    "object_id": "118",
    "object_repr": "salimorabb.it",
    "action_flag": 1,
    "change_message": "[{\"added\": {}}]"
  }
},
{
  "model": "admin.logentry",
  "pk": 298,
  "fields": {
    "action_time": "2018-03-06T12:12:28.188Z",
    "user": 2,
    "content_type": 21,
    "object_id": "119",
    "object_repr": "saradelizia.com",
    "action_flag": 1,
    "change_message": "[{\"added\": {}}]"
  }
},
{
  "model": "admin.logentry",
  "pk": 299,
  "fields": {
    "action_time": "2018-03-06T12:12:46.251Z",
    "user": 2,
    "content_type": 21,
    "object_id": "120",
    "object_repr": "savethenerd.com",
    "action_flag": 1,
    "change_message": "[{\"added\": {}}]"
  }
},
{
  "model": "admin.logentry",
  "pk": 300,
  "fields": {
    "action_time": "2018-03-06T12:13:17.940Z",
    "user": 2,
    "content_type": 21,
    "object_id": "121",
    "object_repr": "savethenerd.it",
    "action_flag": 1,
    "change_message": "[{\"added\": {}}]"
  }
},
{
  "model": "admin.logentry",
  "pk": 301,
  "fields": {
    "action_time": "2018-03-06T12:14:24.534Z",
    "user": 2,
    "content_type": 21,
    "object_id": "122",
    "object_repr": "scusedisarri.it",
    "action_flag": 1,
    "change_message": "[{\"added\": {}}]"
  }
},
{
  "model": "admin.logentry",
  "pk": 302,
  "fields": {
    "action_time": "2018-03-06T12:15:26.879Z",
    "user": 2,
    "content_type": 21,
    "object_id": "123",
    "object_repr": "silviabaroncelli.it",
    "action_flag": 1,
    "change_message": "[{\"added\": {}}]"
  }
},
{
  "model": "admin.logentry",
  "pk": 303,
  "fields": {
    "action_time": "2018-03-06T12:15:47.230Z",
    "user": 2,
    "content_type": 21,
    "object_id": "124",
    "object_repr": "snapchatitalia.it",
    "action_flag": 1,
    "change_message": "[{\"added\": {}}]"
  }
},
{
  "model": "admin.logentry",
  "pk": 304,
  "fields": {
    "action_time": "2018-03-06T12:17:26.242Z",
    "user": 2,
    "content_type": 21,
    "object_id": "125",
    "object_repr": "socialbusinesslabpt.org",
    "action_flag": 1,
    "change_message": "[{\"added\": {}}]"
  }
},
{
  "model": "admin.logentry",
  "pk": 305,
  "fields": {
    "action_time": "2018-03-06T12:17:57.206Z",
    "user": 2,
    "content_type": 21,
    "object_id": "126",
    "object_repr": "sparkandwater.it",
    "action_flag": 1,
    "change_message": "[{\"added\": {}}]"
  }
},
{
  "model": "admin.logentry",
  "pk": 306,
  "fields": {
    "action_time": "2018-03-06T12:18:30.429Z",
    "user": 2,
    "content_type": 21,
    "object_id": "127",
    "object_repr": "startupme.it",
    "action_flag": 1,
    "change_message": "[{\"added\": {}}]"
  }
},
{
  "model": "admin.logentry",
  "pk": 307,
  "fields": {
    "action_time": "2018-03-06T12:18:58.816Z",
    "user": 2,
    "content_type": 21,
    "object_id": "128",
    "object_repr": "stronsi.it",
    "action_flag": 1,
    "change_message": "[{\"added\": {}}]"
  }
},
{
  "model": "admin.logentry",
  "pk": 308,
  "fields": {
    "action_time": "2018-03-06T12:19:25.060Z",
    "user": 2,
    "content_type": 21,
    "object_id": "129",
    "object_repr": "svapesca.it",
    "action_flag": 1,
    "change_message": "[{\"added\": {}}]"
  }
},
{
  "model": "admin.logentry",
  "pk": 309,
  "fields": {
    "action_time": "2018-03-06T12:19:54.538Z",
    "user": 2,
    "content_type": 21,
    "object_id": "130",
    "object_repr": "techbeam.it",
    "action_flag": 1,
    "change_message": "[{\"added\": {}}]"
  }
},
{
  "model": "admin.logentry",
  "pk": 310,
  "fields": {
    "action_time": "2018-03-06T12:24:38.509Z",
    "user": 2,
    "content_type": 21,
    "object_id": "131",
    "object_repr": "teeser.eu",
    "action_flag": 1,
    "change_message": "[{\"added\": {}}]"
  }
},
{
  "model": "admin.logentry",
  "pk": 311,
  "fields": {
    "action_time": "2018-03-06T12:25:27.990Z",
    "user": 2,
    "content_type": 21,
    "object_id": "131",
    "object_repr": "teeser.eu",
    "action_flag": 2,
    "change_message": "[{\"changed\": {\"fields\": [\"end_time\"]}}]"
  }
},
{
  "model": "admin.logentry",
  "pk": 312,
  "fields": {
    "action_time": "2018-03-06T12:25:51.807Z",
    "user": 2,
    "content_type": 21,
    "object_id": "132",
    "object_repr": "telodoioilweb.it",
    "action_flag": 1,
    "change_message": "[{\"added\": {}}]"
  }
},
{
  "model": "admin.logentry",
  "pk": 313,
  "fields": {
    "action_time": "2018-03-06T12:26:17.901Z",
    "user": 2,
    "content_type": 21,
    "object_id": "133",
    "object_repr": "theartpostblog.com",
    "action_flag": 1,
    "change_message": "[{\"added\": {}}]"
  }
},
{
  "model": "admin.logentry",
  "pk": 314,
  "fields": {
    "action_time": "2018-03-06T13:11:08.468Z",
    "user": 2,
    "content_type": 21,
    "object_id": "134",
    "object_repr": "thebagelcompany.co.uk",
    "action_flag": 1,
    "change_message": "[{\"added\": {}}]"
  }
},
{
  "model": "admin.logentry",
  "pk": 315,
  "fields": {
    "action_time": "2018-03-06T13:11:47.171Z",
    "user": 2,
    "content_type": 21,
    "object_id": "135",
    "object_repr": "thebagelcompany.it",
    "action_flag": 1,
    "change_message": "[{\"added\": {}}]"
  }
},
{
  "model": "admin.logentry",
  "pk": 316,
  "fields": {
    "action_time": "2018-03-06T13:13:26.484Z",
    "user": 2,
    "content_type": 21,
    "object_id": "136",
    "object_repr": "thebagelcompany.uk",
    "action_flag": 1,
    "change_message": "[{\"added\": {}}]"
  }
},
{
  "model": "admin.logentry",
  "pk": 317,
  "fields": {
    "action_time": "2018-03-06T13:13:53.165Z",
    "user": 2,
    "content_type": 21,
    "object_id": "137",
    "object_repr": "thebagelfactory.it",
    "action_flag": 1,
    "change_message": "[{\"added\": {}}]"
  }
},
{
  "model": "admin.logentry",
  "pk": 318,
  "fields": {
    "action_time": "2018-03-06T13:14:30.282Z",
    "user": 2,
    "content_type": 21,
    "object_id": "138",
    "object_repr": "thebagelfactory.uk",
    "action_flag": 1,
    "change_message": "[{\"added\": {}}]"
  }
},
{
  "model": "admin.logentry",
  "pk": 319,
  "fields": {
    "action_time": "2018-03-06T13:16:22.005Z",
    "user": 2,
    "content_type": 21,
    "object_id": "139",
    "object_repr": "therougemisscake.com",
    "action_flag": 1,
    "change_message": "[{\"added\": {}}]"
  }
},
{
  "model": "admin.logentry",
  "pk": 320,
  "fields": {
    "action_time": "2018-03-06T13:16:43.547Z",
    "user": 2,
    "content_type": 21,
    "object_id": "140",
    "object_repr": "therougemisscake.it",
    "action_flag": 1,
    "change_message": "[{\"added\": {}}]"
  }
},
{
  "model": "admin.logentry",
  "pk": 321,
  "fields": {
    "action_time": "2018-03-06T13:17:14.427Z",
    "user": 2,
    "content_type": 21,
    "object_id": "141",
    "object_repr": "turismopistoia.it",
    "action_flag": 1,
    "change_message": "[{\"added\": {}}]"
  }
},
{
  "model": "admin.logentry",
  "pk": 322,
  "fields": {
    "action_time": "2018-03-06T13:18:07.701Z",
    "user": 2,
    "content_type": 21,
    "object_id": "142",
    "object_repr": "uapc.it",
    "action_flag": 1,
    "change_message": "[{\"added\": {}}]"
  }
},
{
  "model": "admin.logentry",
  "pk": 323,
  "fields": {
    "action_time": "2018-03-06T13:18:25.985Z",
    "user": 2,
    "content_type": 21,
    "object_id": "143",
    "object_repr": "unbiscottoalgiorno.com",
    "action_flag": 1,
    "change_message": "[{\"added\": {}}]"
  }
},
{
  "model": "admin.logentry",
  "pk": 324,
  "fields": {
    "action_time": "2018-03-06T13:18:49.609Z",
    "user": 2,
    "content_type": 21,
    "object_id": "144",
    "object_repr": "verdurecotte.it",
    "action_flag": 1,
    "change_message": "[{\"added\": {}}]"
  }
},
{
  "model": "admin.logentry",
  "pk": 325,
  "fields": {
    "action_time": "2018-03-06T13:19:13.395Z",
    "user": 2,
    "content_type": 21,
    "object_id": "145",
    "object_repr": "web-agency.tv",
    "action_flag": 1,
    "change_message": "[{\"added\": {}}]"
  }
},
{
  "model": "admin.logentry",
  "pk": 326,
  "fields": {
    "action_time": "2018-03-06T13:19:47.005Z",
    "user": 2,
    "content_type": 21,
    "object_id": "146",
    "object_repr": "wepersonal.com",
    "action_flag": 1,
    "change_message": "[{\"added\": {}}]"
  }
},
{
  "model": "admin.logentry",
  "pk": 327,
  "fields": {
    "action_time": "2018-03-06T13:20:24.971Z",
    "user": 2,
    "content_type": 21,
    "object_id": "147",
    "object_repr": "weweddings.it",
    "action_flag": 1,
    "change_message": "[{\"added\": {}}]"
  }
},
{
  "model": "admin.logentry",
  "pk": 328,
  "fields": {
    "action_time": "2018-03-06T13:20:45.333Z",
    "user": 2,
    "content_type": 21,
    "object_id": "148",
    "object_repr": "yachtcarhouse.com",
    "action_flag": 1,
    "change_message": "[{\"added\": {}}]"
  }
},
{
  "model": "admin.logentry",
  "pk": 329,
  "fields": {
    "action_time": "2018-03-06T13:21:17.855Z",
    "user": 2,
    "content_type": 21,
    "object_id": "149",
    "object_repr": "zoodipistoia.it",
    "action_flag": 1,
    "change_message": "[{\"added\": {}}]"
  }
},
{
  "model": "admin.logentry",
  "pk": 330,
  "fields": {
    "action_time": "2018-03-06T13:22:22.855Z",
    "user": 2,
    "content_type": 21,
    "object_id": "8",
    "object_repr": "riempitricivolumetriche.it",
    "action_flag": 2,
    "change_message": "[{\"changed\": {\"fields\": [\"end_time\"]}}]"
  }
},
{
  "model": "admin.logentry",
  "pk": 331,
  "fields": {
    "action_time": "2018-03-06T13:22:49.463Z",
    "user": 2,
    "content_type": 21,
    "object_id": "32",
    "object_repr": "amanuda.pro",
    "action_flag": 2,
    "change_message": "[{\"changed\": {\"fields\": [\"own\", \"registar\"]}}]"
  }
},
{
  "model": "admin.logentry",
  "pk": 332,
  "fields": {
    "action_time": "2018-03-06T13:24:28.616Z",
    "user": 2,
    "content_type": 22,
    "object_id": "3",
    "object_repr": "vhosting-ciccarelli",
    "action_flag": 1,
    "change_message": "[{\"added\": {}}]"
  }
},
{
  "model": "admin.logentry",
  "pk": 333,
  "fields": {
    "action_time": "2018-03-06T13:25:16.689Z",
    "user": 2,
    "content_type": 21,
    "object_id": "150",
    "object_repr": "alcinemaconceradicupra.it",
    "action_flag": 1,
    "change_message": "[{\"added\": {}}]"
  }
},
{
  "model": "admin.logentry",
  "pk": 334,
  "fields": {
    "action_time": "2018-03-06T13:25:42.737Z",
    "user": 2,
    "content_type": 21,
    "object_id": "151",
    "object_repr": "aldopasetti.it",
    "action_flag": 1,
    "change_message": "[{\"added\": {}}]"
  }
},
{
  "model": "admin.logentry",
  "pk": 335,
  "fields": {
    "action_time": "2018-03-06T13:26:14.492Z",
    "user": 2,
    "content_type": 21,
    "object_id": "152",
    "object_repr": "capitano1905.com",
    "action_flag": 1,
    "change_message": "[{\"added\": {}}]"
  }
},
{
  "model": "admin.logentry",
  "pk": 336,
  "fields": {
    "action_time": "2018-03-06T13:27:01.771Z",
    "user": 2,
    "content_type": 21,
    "object_id": "153",
    "object_repr": "capitano1905.it",
    "action_flag": 1,
    "change_message": "[{\"added\": {}}]"
  }
},
{
  "model": "admin.logentry",
  "pk": 337,
  "fields": {
    "action_time": "2018-03-06T13:27:35.483Z",
    "user": 2,
    "content_type": 21,
    "object_id": "154",
    "object_repr": "capitano1905.it",
    "action_flag": 1,
    "change_message": "[{\"added\": {}}]"
  }
},
{
  "model": "admin.logentry",
  "pk": 338,
  "fields": {
    "action_time": "2018-03-06T13:28:03.336Z",
    "user": 2,
    "content_type": 21,
    "object_id": "154",
    "object_repr": "ceradicupra.it",
    "action_flag": 2,
    "change_message": "[{\"changed\": {\"fields\": [\"name\"]}}]"
  }
},
{
  "model": "admin.logentry",
  "pk": 339,
  "fields": {
    "action_time": "2018-03-06T13:28:45.112Z",
    "user": 2,
    "content_type": 21,
    "object_id": "155",
    "object_repr": "ceradicupramilano.com",
    "action_flag": 1,
    "change_message": "[{\"added\": {}}]"
  }
},
{
  "model": "admin.logentry",
  "pk": 340,
  "fields": {
    "action_time": "2018-03-06T13:29:35.404Z",
    "user": 2,
    "content_type": 21,
    "object_id": "156",
    "object_repr": "ceradicupramilano.it",
    "action_flag": 1,
    "change_message": "[{\"added\": {}}]"
  }
},
{
  "model": "admin.logentry",
  "pk": 341,
  "fields": {
    "action_time": "2018-03-06T13:30:18.062Z",
    "user": 2,
    "content_type": 21,
    "object_id": "157",
    "object_repr": "ciccarelli.it",
    "action_flag": 1,
    "change_message": "[{\"added\": {}}]"
  }
},
{
  "model": "admin.logentry",
  "pk": 342,
  "fields": {
    "action_time": "2018-03-06T13:30:48.112Z",
    "user": 2,
    "content_type": 21,
    "object_id": "158",
    "object_repr": "ciccarelliblogger.com",
    "action_flag": 1,
    "change_message": "[{\"added\": {}}]"
  }
},
{
  "model": "admin.logentry",
  "pk": 343,
  "fields": {
    "action_time": "2018-03-06T13:31:14.410Z",
    "user": 2,
    "content_type": 21,
    "object_id": "159",
    "object_repr": "ciccarelliblogger.it",
    "action_flag": 1,
    "change_message": "[{\"added\": {}}]"
  }
},
{
  "model": "admin.logentry",
  "pk": 344,
  "fields": {
    "action_time": "2018-03-06T13:31:52.673Z",
    "user": 2,
    "content_type": 21,
    "object_id": "160",
    "object_repr": "ciccarellishowroom.com",
    "action_flag": 1,
    "change_message": "[{\"added\": {}}]"
  }
},
{
  "model": "admin.logentry",
  "pk": 345,
  "fields": {
    "action_time": "2018-03-06T13:32:19.667Z",
    "user": 2,
    "content_type": 21,
    "object_id": "161",
    "object_repr": "ciccarellishowroom.it",
    "action_flag": 1,
    "change_message": "[{\"added\": {}}]"
  }
},
{
  "model": "admin.logentry",
  "pk": 346,
  "fields": {
    "action_time": "2018-03-06T13:32:58.622Z",
    "user": 2,
    "content_type": 21,
    "object_id": "162",
    "object_repr": "cupramilano.com",
    "action_flag": 1,
    "change_message": "[{\"added\": {}}]"
  }
},
{
  "model": "admin.logentry",
  "pk": 347,
  "fields": {
    "action_time": "2018-03-06T13:33:28.647Z",
    "user": 2,
    "content_type": 21,
    "object_id": "163",
    "object_repr": "cupramilano.it",
    "action_flag": 1,
    "change_message": "[{\"added\": {}}]"
  }
},
{
  "model": "admin.logentry",
  "pk": 348,
  "fields": {
    "action_time": "2018-03-06T13:33:57.830Z",
    "user": 2,
    "content_type": 21,
    "object_id": "164",
    "object_repr": "declaril.it",
    "action_flag": 1,
    "change_message": "[{\"added\": {}}]"
  }
},
{
  "model": "admin.logentry",
  "pk": 349,
  "fields": {
    "action_time": "2018-03-06T13:34:23.161Z",
    "user": 2,
    "content_type": 21,
    "object_id": "165",
    "object_repr": "dimensioneuomo.net",
    "action_flag": 1,
    "change_message": "[{\"added\": {}}]"
  }
},
{
  "model": "admin.logentry",
  "pk": 350,
  "fields": {
    "action_time": "2018-03-06T13:34:59.091Z",
    "user": 2,
    "content_type": 21,
    "object_id": "166",
    "object_repr": "guantopresaponato.it",
    "action_flag": 1,
    "change_message": "[{\"added\": {}}]"
  }
},
{
  "model": "admin.logentry",
  "pk": 351,
  "fields": {
    "action_time": "2018-03-06T13:35:33.328Z",
    "user": 2,
    "content_type": 21,
    "object_id": "167",
    "object_repr": "intiley.it",
    "action_flag": 1,
    "change_message": "[{\"added\": {}}]"
  }
},
{
  "model": "admin.logentry",
  "pk": 352,
  "fields": {
    "action_time": "2018-03-06T13:36:01.456Z",
    "user": 2,
    "content_type": 21,
    "object_id": "168",
    "object_repr": "lofficinale.it",
    "action_flag": 1,
    "change_message": "[{\"added\": {}}]"
  }
},
{
  "model": "admin.logentry",
  "pk": 353,
  "fields": {
    "action_time": "2018-03-06T13:36:51.671Z",
    "user": 2,
    "content_type": 21,
    "object_id": "169",
    "object_repr": "oxactive.it",
    "action_flag": 1,
    "change_message": "[{\"added\": {}}]"
  }
},
{
  "model": "admin.logentry",
  "pk": 354,
  "fields": {
    "action_time": "2018-03-06T13:38:27.264Z",
    "user": 2,
    "content_type": 21,
    "object_id": "170",
    "object_repr": "partidaipiedi.com",
    "action_flag": 1,
    "change_message": "[{\"added\": {}}]"
  }
},
{
  "model": "admin.logentry",
  "pk": 355,
  "fields": {
    "action_time": "2018-03-06T13:39:09.323Z",
    "user": 2,
    "content_type": 21,
    "object_id": "171",
    "object_repr": "partidaipiedi.it",
    "action_flag": 1,
    "change_message": "[{\"added\": {}}]"
  }
},
{
  "model": "admin.logentry",
  "pk": 356,
  "fields": {
    "action_time": "2018-03-06T13:39:42.785Z",
    "user": 2,
    "content_type": 21,
    "object_id": "172",
    "object_repr": "pastadelcapitano.com",
    "action_flag": 1,
    "change_message": "[{\"added\": {}}]"
  }
},
{
  "model": "admin.logentry",
  "pk": 357,
  "fields": {
    "action_time": "2018-03-06T13:40:06.561Z",
    "user": 2,
    "content_type": 21,
    "object_id": "173",
    "object_repr": "pastadelcapitano.it",
    "action_flag": 1,
    "change_message": "[{\"added\": {}}]"
  }
},
{
  "model": "admin.logentry",
  "pk": 358,
  "fields": {
    "action_time": "2018-03-06T13:40:42.132Z",
    "user": 2,
    "content_type": 21,
    "object_id": "174",
    "object_repr": "pastadelcapitano1905.com",
    "action_flag": 1,
    "change_message": "[{\"added\": {}}]"
  }
},
{
  "model": "admin.logentry",
  "pk": 359,
  "fields": {
    "action_time": "2018-03-06T13:41:24.448Z",
    "user": 2,
    "content_type": 21,
    "object_id": "175",
    "object_repr": "pastadelcapitano1905.it",
    "action_flag": 1,
    "change_message": "[{\"added\": {}}]"
  }
},
{
  "model": "admin.logentry",
  "pk": 360,
  "fields": {
    "action_time": "2018-03-06T13:42:01.359Z",
    "user": 2,
    "content_type": 21,
    "object_id": "176",
    "object_repr": "rigeneraeproteggi.com",
    "action_flag": 1,
    "change_message": "[{\"added\": {}}]"
  }
},
{
  "model": "admin.logentry",
  "pk": 361,
  "fields": {
    "action_time": "2018-03-06T13:43:31.130Z",
    "user": 2,
    "content_type": 21,
    "object_id": "177",
    "object_repr": "rigeneraeproteggi.it",
    "action_flag": 1,
    "change_message": "[{\"added\": {}}]"
  }
},
{
  "model": "admin.logentry",
  "pk": 362,
  "fields": {
    "action_time": "2018-03-06T13:44:13.449Z",
    "user": 2,
    "content_type": 21,
    "object_id": "178",
    "object_repr": "rigenerazionesmalto.it",
    "action_flag": 1,
    "change_message": "[{\"added\": {}}]"
  }
},
{
  "model": "admin.logentry",
  "pk": 363,
  "fields": {
    "action_time": "2018-03-06T13:45:07.628Z",
    "user": 2,
    "content_type": 21,
    "object_id": "179",
    "object_repr": "saporidascoprire.it",
    "action_flag": 1,
    "change_message": "[{\"added\": {}}]"
  }
},
{
  "model": "admin.logentry",
  "pk": 364,
  "fields": {
    "action_time": "2018-03-06T13:45:37.601Z",
    "user": 2,
    "content_type": 21,
    "object_id": "180",
    "object_repr": "siamotutticapitano.it",
    "action_flag": 1,
    "change_message": "[{\"added\": {}}]"
  }
},
{
  "model": "admin.logentry",
  "pk": 365,
  "fields": {
    "action_time": "2018-03-06T13:46:36.026Z",
    "user": 2,
    "content_type": 21,
    "object_id": "181",
    "object_repr": "sloowfootmilano.com",
    "action_flag": 1,
    "change_message": "[{\"added\": {}}]"
  }
},
{
  "model": "admin.logentry",
  "pk": 366,
  "fields": {
    "action_time": "2018-03-06T13:47:14.692Z",
    "user": 2,
    "content_type": 21,
    "object_id": "182",
    "object_repr": "sos-pelle.it",
    "action_flag": 1,
    "change_message": "[{\"added\": {}}]"
  }
},
{
  "model": "admin.logentry",
  "pk": 367,
  "fields": {
    "action_time": "2018-03-06T13:47:43.342Z",
    "user": 2,
    "content_type": 21,
    "object_id": "183",
    "object_repr": "sosciccarelli.com",
    "action_flag": 1,
    "change_message": "[{\"added\": {}}]"
  }
},
{
  "model": "admin.logentry",
  "pk": 368,
  "fields": {
    "action_time": "2018-03-06T13:48:15.661Z",
    "user": 2,
    "content_type": 21,
    "object_id": "184",
    "object_repr": "sosciccarelli.it",
    "action_flag": 1,
    "change_message": "[{\"added\": {}}]"
  }
},
{
  "model": "admin.logentry",
  "pk": 369,
  "fields": {
    "action_time": "2018-03-06T13:48:35.980Z",
    "user": 2,
    "content_type": 21,
    "object_id": "185",
    "object_repr": "sosdenti.com",
    "action_flag": 1,
    "change_message": "[{\"added\": {}}]"
  }
},
{
  "model": "admin.logentry",
  "pk": 370,
  "fields": {
    "action_time": "2018-03-06T13:49:04.345Z",
    "user": 2,
    "content_type": 21,
    "object_id": "186",
    "object_repr": "sosdenti.it",
    "action_flag": 1,
    "change_message": "[{\"added\": {}}]"
  }
},
{
  "model": "admin.logentry",
  "pk": 371,
  "fields": {
    "action_time": "2018-03-06T13:49:29.096Z",
    "user": 2,
    "content_type": 21,
    "object_id": "187",
    "object_repr": "sospelle.com",
    "action_flag": 1,
    "change_message": "[{\"added\": {}}]"
  }
},
{
  "model": "admin.logentry",
  "pk": 372,
  "fields": {
    "action_time": "2018-03-06T13:49:50.774Z",
    "user": 2,
    "content_type": 21,
    "object_id": "188",
    "object_repr": "sospelle.it",
    "action_flag": 1,
    "change_message": "[{\"added\": {}}]"
  }
},
{
  "model": "admin.logentry",
  "pk": 373,
  "fields": {
    "action_time": "2018-03-06T13:50:12.945Z",
    "user": 2,
    "content_type": 21,
    "object_id": "189",
    "object_repr": "stoptheparty.it",
    "action_flag": 1,
    "change_message": "[{\"added\": {}}]"
  }
},
{
  "model": "admin.logentry",
  "pk": 374,
  "fields": {
    "action_time": "2018-03-06T13:50:31.288Z",
    "user": 2,
    "content_type": 21,
    "object_id": "190",
    "object_repr": "timodore.com",
    "action_flag": 1,
    "change_message": "[{\"added\": {}}]"
  }
},
{
  "model": "admin.logentry",
  "pk": 375,
  "fields": {
    "action_time": "2018-03-06T13:51:02.134Z",
    "user": 2,
    "content_type": 21,
    "object_id": "191",
    "object_repr": "timodore.it",
    "action_flag": 1,
    "change_message": "[{\"added\": {}}]"
  }
},
{
  "model": "admin.logentry",
  "pk": 376,
  "fields": {
    "action_time": "2018-03-06T14:16:03.143Z",
    "user": 2,
    "content_type": 22,
    "object_id": "4",
    "object_repr": "vhosting-lotrek",
    "action_flag": 1,
    "change_message": "[{\"added\": {}}]"
  }
},
{
  "model": "admin.logentry",
  "pk": 377,
  "fields": {
    "action_time": "2018-03-06T14:17:09.589Z",
    "user": 2,
    "content_type": 22,
    "object_id": "4",
    "object_repr": "vhosting-lotrek",
    "action_flag": 2,
    "change_message": "[]"
  }
},
{
  "model": "admin.logentry",
  "pk": 378,
  "fields": {
    "action_time": "2018-03-06T14:32:09.692Z",
    "user": 2,
    "content_type": 19,
    "object_id": "11",
    "object_repr": "cutlitepenta.com",
    "action_flag": 1,
    "change_message": "[{\"added\": {}}]"
  }
},
{
  "model": "admin.logentry",
  "pk": 379,
  "fields": {
    "action_time": "2018-03-06T15:10:15.643Z",
    "user": 2,
    "content_type": 19,
    "object_id": "11",
    "object_repr": "Cutlite",
    "action_flag": 2,
    "change_message": "[{\"changed\": {\"fields\": [\"name\"]}}]"
  }
},
{
  "model": "admin.logentry",
  "pk": 380,
  "fields": {
    "action_time": "2018-03-06T15:57:24.595Z",
    "user": 2,
    "content_type": 7,
    "object_id": "7",
    "object_repr": "bagel",
    "action_flag": 1,
    "change_message": "[{\"added\": {}}]"
  }
},
{
  "model": "admin.logentry",
  "pk": 381,
  "fields": {
    "action_time": "2018-03-06T15:57:32.153Z",
    "user": 2,
    "content_type": 7,
    "object_id": "7",
    "object_repr": "Bagel",
    "action_flag": 2,
    "change_message": "[{\"changed\": {\"fields\": [\"name\"]}}]"
  }
},
{
  "model": "admin.logentry",
  "pk": 382,
  "fields": {
    "action_time": "2018-03-06T16:03:22.974Z",
    "user": 2,
    "content_type": 7,
    "object_id": "7",
    "object_repr": "Bagel",
    "action_flag": 2,
    "change_message": "[{\"changed\": {\"fields\": [\"backup_script\"]}}]"
  }
},
{
  "model": "admin.logentry",
  "pk": 383,
  "fields": {
    "action_time": "2018-03-06T16:51:25.530Z",
    "user": 2,
    "content_type": 21,
    "object_id": "192",
    "object_repr": "sparkandwater.com",
    "action_flag": 1,
    "change_message": "[{\"added\": {}}]"
  }
},
{
  "model": "admin.logentry",
  "pk": 384,
  "fields": {
    "action_time": "2018-03-06T16:51:46.415Z",
    "user": 2,
    "content_type": 21,
    "object_id": "193",
    "object_repr": "zest.today",
    "action_flag": 1,
    "change_message": "[{\"added\": {}}]"
  }
},
{
  "model": "admin.logentry",
  "pk": 385,
  "fields": {
    "action_time": "2018-03-06T17:07:47.530Z",
    "user": 2,
    "content_type": 22,
    "object_id": "5",
    "object_repr": "dominiok-ciccarelli",
    "action_flag": 1,
    "change_message": "[{\"added\": {}}]"
  }
},
{
  "model": "admin.logentry",
  "pk": 386,
  "fields": {
    "action_time": "2018-03-06T17:10:35.541Z",
    "user": 2,
    "content_type": 22,
    "object_id": "5",
    "object_repr": "dominiok-ciccarelli",
    "action_flag": 2,
    "change_message": "[{\"changed\": {\"fields\": [\"username_panel_registar\", \"password_panel_registar\"]}}]"
  }
},
{
  "model": "admin.logentry",
  "pk": 387,
  "fields": {
    "action_time": "2018-03-06T17:10:52.589Z",
    "user": 2,
    "content_type": 22,
    "object_id": "5",
    "object_repr": "dominiok-lotrek",
    "action_flag": 2,
    "change_message": "[{\"changed\": {\"fields\": [\"name\"]}}]"
  }
},
{
  "model": "admin.logentry",
  "pk": 388,
  "fields": {
    "action_time": "2018-03-06T17:16:37.355Z",
    "user": 2,
    "content_type": 22,
    "object_id": "5",
    "object_repr": "dominiok-lotrek",
    "action_flag": 2,
    "change_message": "[]"
  }
},
{
  "model": "admin.logentry",
  "pk": 389,
  "fields": {
    "action_time": "2018-03-06T17:17:23.500Z",
    "user": 2,
    "content_type": 21,
    "object_id": "194",
    "object_repr": "ciccarelli.ru",
    "action_flag": 1,
    "change_message": "[{\"added\": {}}]"
  }
},
{
  "model": "admin.logentry",
  "pk": 390,
  "fields": {
    "action_time": "2018-03-06T17:17:54.699Z",
    "user": 2,
    "content_type": 21,
    "object_id": "195",
    "object_repr": "pastadelcapitano.ru",
    "action_flag": 1,
    "change_message": "[{\"added\": {}}]"
  }
},
{
  "model": "admin.logentry",
  "pk": 391,
  "fields": {
    "action_time": "2018-03-06T17:18:16.323Z",
    "user": 2,
    "content_type": 21,
    "object_id": "196",
    "object_repr": "lotrek.agency",
    "action_flag": 1,
    "change_message": "[{\"added\": {}}]"
  }
},
{
  "model": "admin.logentry",
  "pk": 392,
  "fields": {
    "action_time": "2018-03-06T17:18:41.396Z",
    "user": 2,
    "content_type": 21,
    "object_id": "197",
    "object_repr": "robertobartoli.pt",
    "action_flag": 1,
    "change_message": "[{\"added\": {}}]"
  }
},
{
  "model": "admin.logentry",
  "pk": 393,
  "fields": {
    "action_time": "2018-03-06T18:47:31.429Z",
    "user": 2,
    "content_type": 19,
    "object_id": "11",
    "object_repr": "Cutlite",
    "action_flag": 2,
    "change_message": "[{\"changed\": {\"fields\": [\"root_permissions\"]}}]"
  }
},
{
  "model": "admin.logentry",
  "pk": 394,
  "fields": {
    "action_time": "2018-03-06T18:47:39.290Z",
    "user": 2,
    "content_type": 19,
    "object_id": "11",
    "object_repr": "Cutlite",
    "action_flag": 2,
    "change_message": "[{\"changed\": {\"fields\": [\"root_permissions\"]}}]"
  }
},
{
  "model": "admin.logentry",
  "pk": 395,
  "fields": {
    "action_time": "2018-03-06T18:51:36.116Z",
    "user": 2,
    "content_type": 7,
    "object_id": "7",
    "object_repr": "Bagel",
    "action_flag": 2,
    "change_message": "[{\"changed\": {\"fields\": [\"backup_active\"]}}]"
  }
},
{
  "model": "admin.logentry",
  "pk": 396,
  "fields": {
    "action_time": "2018-03-06T19:22:02.576Z",
    "user": 2,
    "content_type": 7,
    "object_id": "6",
    "object_repr": "Ladre di piante",
    "action_flag": 2,
    "change_message": "[{\"changed\": {\"fields\": [\"backup_active\"]}}]"
  }
},
{
  "model": "admin.logentry",
  "pk": 397,
  "fields": {
    "action_time": "2018-03-07T10:26:22.908Z",
    "user": 2,
    "content_type": 25,
    "object_id": "1",
    "object_repr": "Farmaceutica Dott.Ciccarelli Spa",
    "action_flag": 1,
    "change_message": "[{\"added\": {}}]"
  }
},
{
  "model": "admin.logentry",
  "pk": 398,
  "fields": {
    "action_time": "2018-03-07T10:27:26.256Z",
    "user": 2,
    "content_type": 21,
    "object_id": "191",
    "object_repr": "timodore.it",
    "action_flag": 2,
    "change_message": "[{\"changed\": {\"fields\": [\"registrant\"]}}]"
  }
},
{
  "model": "admin.logentry",
  "pk": 399,
  "fields": {
    "action_time": "2018-03-07T10:27:31.978Z",
    "user": 2,
    "content_type": 21,
    "object_id": "190",
    "object_repr": "timodore.com",
    "action_flag": 2,
    "change_message": "[{\"changed\": {\"fields\": [\"registrant\"]}}]"
  }
},
{
  "model": "admin.logentry",
  "pk": 400,
  "fields": {
    "action_time": "2018-03-07T10:27:40.225Z",
    "user": 2,
    "content_type": 21,
    "object_id": "189",
    "object_repr": "stoptheparty.it",
    "action_flag": 2,
    "change_message": "[{\"changed\": {\"fields\": [\"registrant\"]}}]"
  }
},
{
  "model": "admin.logentry",
  "pk": 401,
  "fields": {
    "action_time": "2018-03-07T10:27:48.403Z",
    "user": 2,
    "content_type": 21,
    "object_id": "188",
    "object_repr": "sospelle.it",
    "action_flag": 2,
    "change_message": "[{\"changed\": {\"fields\": [\"registrant\"]}}]"
  }
},
{
  "model": "admin.logentry",
  "pk": 402,
  "fields": {
    "action_time": "2018-03-07T10:27:53.347Z",
    "user": 2,
    "content_type": 21,
    "object_id": "187",
    "object_repr": "sospelle.com",
    "action_flag": 2,
    "change_message": "[{\"changed\": {\"fields\": [\"registrant\"]}}]"
  }
},
{
  "model": "admin.logentry",
  "pk": 403,
  "fields": {
    "action_time": "2018-03-07T10:27:59.438Z",
    "user": 2,
    "content_type": 21,
    "object_id": "186",
    "object_repr": "sosdenti.it",
    "action_flag": 2,
    "change_message": "[{\"changed\": {\"fields\": [\"registrant\"]}}]"
  }
},
{
  "model": "admin.logentry",
  "pk": 404,
  "fields": {
    "action_time": "2018-03-07T10:28:05.759Z",
    "user": 2,
    "content_type": 21,
    "object_id": "185",
    "object_repr": "sosdenti.com",
    "action_flag": 2,
    "change_message": "[{\"changed\": {\"fields\": [\"registrant\"]}}]"
  }
},
{
  "model": "admin.logentry",
  "pk": 405,
  "fields": {
    "action_time": "2018-03-07T10:28:11.753Z",
    "user": 2,
    "content_type": 21,
    "object_id": "184",
    "object_repr": "sosciccarelli.it",
    "action_flag": 2,
    "change_message": "[{\"changed\": {\"fields\": [\"registrant\"]}}]"
  }
},
{
  "model": "admin.logentry",
  "pk": 406,
  "fields": {
    "action_time": "2018-03-07T10:28:16.767Z",
    "user": 2,
    "content_type": 21,
    "object_id": "183",
    "object_repr": "sosciccarelli.com",
    "action_flag": 2,
    "change_message": "[{\"changed\": {\"fields\": [\"registrant\"]}}]"
  }
},
{
  "model": "admin.logentry",
  "pk": 407,
  "fields": {
    "action_time": "2018-03-07T10:28:22.837Z",
    "user": 2,
    "content_type": 21,
    "object_id": "182",
    "object_repr": "sos-pelle.it",
    "action_flag": 2,
    "change_message": "[{\"changed\": {\"fields\": [\"registrant\"]}}]"
  }
},
{
  "model": "admin.logentry",
  "pk": 408,
  "fields": {
    "action_time": "2018-03-07T10:28:28.895Z",
    "user": 2,
    "content_type": 21,
    "object_id": "181",
    "object_repr": "sloowfootmilano.com",
    "action_flag": 2,
    "change_message": "[{\"changed\": {\"fields\": [\"registrant\"]}}]"
  }
},
{
  "model": "admin.logentry",
  "pk": 409,
  "fields": {
    "action_time": "2018-03-07T10:28:35.088Z",
    "user": 2,
    "content_type": 21,
    "object_id": "180",
    "object_repr": "siamotutticapitano.it",
    "action_flag": 2,
    "change_message": "[{\"changed\": {\"fields\": [\"registrant\"]}}]"
  }
},
{
  "model": "admin.logentry",
  "pk": 410,
  "fields": {
    "action_time": "2018-03-07T10:28:44.062Z",
    "user": 2,
    "content_type": 21,
    "object_id": "179",
    "object_repr": "saporidascoprire.it",
    "action_flag": 2,
    "change_message": "[{\"changed\": {\"fields\": [\"registrant\"]}}]"
  }
},
{
  "model": "admin.logentry",
  "pk": 411,
  "fields": {
    "action_time": "2018-03-07T10:28:49.119Z",
    "user": 2,
    "content_type": 21,
    "object_id": "178",
    "object_repr": "rigenerazionesmalto.it",
    "action_flag": 2,
    "change_message": "[{\"changed\": {\"fields\": [\"registrant\"]}}]"
  }
},
{
  "model": "admin.logentry",
  "pk": 412,
  "fields": {
    "action_time": "2018-03-07T10:28:54.654Z",
    "user": 2,
    "content_type": 21,
    "object_id": "177",
    "object_repr": "rigeneraeproteggi.it",
    "action_flag": 2,
    "change_message": "[{\"changed\": {\"fields\": [\"registrant\"]}}]"
  }
},
{
  "model": "admin.logentry",
  "pk": 413,
  "fields": {
    "action_time": "2018-03-07T10:29:00.295Z",
    "user": 2,
    "content_type": 21,
    "object_id": "176",
    "object_repr": "rigeneraeproteggi.com",
    "action_flag": 2,
    "change_message": "[{\"changed\": {\"fields\": [\"registrant\"]}}]"
  }
},
{
  "model": "admin.logentry",
  "pk": 414,
  "fields": {
    "action_time": "2018-03-07T10:29:07.235Z",
    "user": 2,
    "content_type": 21,
    "object_id": "175",
    "object_repr": "pastadelcapitano1905.it",
    "action_flag": 2,
    "change_message": "[{\"changed\": {\"fields\": [\"registrant\"]}}]"
  }
},
{
  "model": "admin.logentry",
  "pk": 415,
  "fields": {
    "action_time": "2018-03-07T10:29:15.777Z",
    "user": 2,
    "content_type": 21,
    "object_id": "174",
    "object_repr": "pastadelcapitano1905.com",
    "action_flag": 2,
    "change_message": "[{\"changed\": {\"fields\": [\"registrant\"]}}]"
  }
},
{
  "model": "admin.logentry",
  "pk": 416,
  "fields": {
    "action_time": "2018-03-07T10:29:21.259Z",
    "user": 2,
    "content_type": 21,
    "object_id": "173",
    "object_repr": "pastadelcapitano.it",
    "action_flag": 2,
    "change_message": "[{\"changed\": {\"fields\": [\"registrant\"]}}]"
  }
},
{
  "model": "admin.logentry",
  "pk": 417,
  "fields": {
    "action_time": "2018-03-07T10:29:26.937Z",
    "user": 2,
    "content_type": 21,
    "object_id": "172",
    "object_repr": "pastadelcapitano.com",
    "action_flag": 2,
    "change_message": "[{\"changed\": {\"fields\": [\"registrant\"]}}]"
  }
},
{
  "model": "admin.logentry",
  "pk": 418,
  "fields": {
    "action_time": "2018-03-07T10:29:33.199Z",
    "user": 2,
    "content_type": 21,
    "object_id": "171",
    "object_repr": "partidaipiedi.it",
    "action_flag": 2,
    "change_message": "[{\"changed\": {\"fields\": [\"registrant\"]}}]"
  }
},
{
  "model": "admin.logentry",
  "pk": 419,
  "fields": {
    "action_time": "2018-03-07T10:29:41.679Z",
    "user": 2,
    "content_type": 21,
    "object_id": "195",
    "object_repr": "pastadelcapitano.ru",
    "action_flag": 2,
    "change_message": "[{\"changed\": {\"fields\": [\"registrant\"]}}]"
  }
},
{
  "model": "admin.logentry",
  "pk": 420,
  "fields": {
    "action_time": "2018-03-07T10:29:48.456Z",
    "user": 2,
    "content_type": 21,
    "object_id": "194",
    "object_repr": "ciccarelli.ru",
    "action_flag": 2,
    "change_message": "[{\"changed\": {\"fields\": [\"registrant\"]}}]"
  }
},
{
  "model": "admin.logentry",
  "pk": 421,
  "fields": {
    "action_time": "2018-03-07T10:29:56.786Z",
    "user": 2,
    "content_type": 21,
    "object_id": "171",
    "object_repr": "partidaipiedi.it",
    "action_flag": 2,
    "change_message": "[]"
  }
},
{
  "model": "admin.logentry",
  "pk": 422,
  "fields": {
    "action_time": "2018-03-07T10:30:03.245Z",
    "user": 2,
    "content_type": 21,
    "object_id": "170",
    "object_repr": "partidaipiedi.com",
    "action_flag": 2,
    "change_message": "[{\"changed\": {\"fields\": [\"registrant\"]}}]"
  }
},
{
  "model": "admin.logentry",
  "pk": 423,
  "fields": {
    "action_time": "2018-03-07T10:30:09.128Z",
    "user": 2,
    "content_type": 21,
    "object_id": "169",
    "object_repr": "oxactive.it",
    "action_flag": 2,
    "change_message": "[{\"changed\": {\"fields\": [\"registrant\"]}}]"
  }
},
{
  "model": "admin.logentry",
  "pk": 424,
  "fields": {
    "action_time": "2018-03-07T10:30:18.110Z",
    "user": 2,
    "content_type": 21,
    "object_id": "168",
    "object_repr": "lofficinale.it",
    "action_flag": 2,
    "change_message": "[{\"changed\": {\"fields\": [\"registrant\"]}}]"
  }
},
{
  "model": "admin.logentry",
  "pk": 425,
  "fields": {
    "action_time": "2018-03-07T10:30:25.325Z",
    "user": 2,
    "content_type": 21,
    "object_id": "167",
    "object_repr": "intiley.it",
    "action_flag": 2,
    "change_message": "[{\"changed\": {\"fields\": [\"registrant\"]}}]"
  }
},
{
  "model": "admin.logentry",
  "pk": 426,
  "fields": {
    "action_time": "2018-03-07T10:30:32.403Z",
    "user": 2,
    "content_type": 21,
    "object_id": "166",
    "object_repr": "guantopresaponato.it",
    "action_flag": 2,
    "change_message": "[{\"changed\": {\"fields\": [\"registrant\"]}}]"
  }
},
{
  "model": "admin.logentry",
  "pk": 427,
  "fields": {
    "action_time": "2018-03-07T10:30:39.754Z",
    "user": 2,
    "content_type": 21,
    "object_id": "165",
    "object_repr": "dimensioneuomo.net",
    "action_flag": 2,
    "change_message": "[{\"changed\": {\"fields\": [\"registrant\"]}}]"
  }
},
{
  "model": "admin.logentry",
  "pk": 428,
  "fields": {
    "action_time": "2018-03-07T10:30:45.865Z",
    "user": 2,
    "content_type": 21,
    "object_id": "164",
    "object_repr": "declaril.it",
    "action_flag": 2,
    "change_message": "[{\"changed\": {\"fields\": [\"registrant\"]}}]"
  }
},
{
  "model": "admin.logentry",
  "pk": 429,
  "fields": {
    "action_time": "2018-03-07T10:30:53.770Z",
    "user": 2,
    "content_type": 21,
    "object_id": "163",
    "object_repr": "cupramilano.it",
    "action_flag": 2,
    "change_message": "[{\"changed\": {\"fields\": [\"registrant\"]}}]"
  }
},
{
  "model": "admin.logentry",
  "pk": 430,
  "fields": {
    "action_time": "2018-03-07T10:31:00.754Z",
    "user": 2,
    "content_type": 21,
    "object_id": "162",
    "object_repr": "cupramilano.com",
    "action_flag": 2,
    "change_message": "[{\"changed\": {\"fields\": [\"registrant\"]}}]"
  }
},
{
  "model": "admin.logentry",
  "pk": 431,
  "fields": {
    "action_time": "2018-03-07T10:31:07.187Z",
    "user": 2,
    "content_type": 21,
    "object_id": "161",
    "object_repr": "ciccarellishowroom.it",
    "action_flag": 2,
    "change_message": "[{\"changed\": {\"fields\": [\"registrant\"]}}]"
  }
},
{
  "model": "admin.logentry",
  "pk": 432,
  "fields": {
    "action_time": "2018-03-07T10:31:13.542Z",
    "user": 2,
    "content_type": 21,
    "object_id": "160",
    "object_repr": "ciccarellishowroom.com",
    "action_flag": 2,
    "change_message": "[{\"changed\": {\"fields\": [\"registrant\"]}}]"
  }
},
{
  "model": "admin.logentry",
  "pk": 433,
  "fields": {
    "action_time": "2018-03-07T10:31:19.067Z",
    "user": 2,
    "content_type": 21,
    "object_id": "159",
    "object_repr": "ciccarelliblogger.it",
    "action_flag": 2,
    "change_message": "[{\"changed\": {\"fields\": [\"registrant\"]}}]"
  }
},
{
  "model": "admin.logentry",
  "pk": 434,
  "fields": {
    "action_time": "2018-03-07T10:31:25.940Z",
    "user": 2,
    "content_type": 21,
    "object_id": "158",
    "object_repr": "ciccarelliblogger.com",
    "action_flag": 2,
    "change_message": "[{\"changed\": {\"fields\": [\"registrant\"]}}]"
  }
},
{
  "model": "admin.logentry",
  "pk": 435,
  "fields": {
    "action_time": "2018-03-07T10:31:31.741Z",
    "user": 2,
    "content_type": 21,
    "object_id": "157",
    "object_repr": "ciccarelli.it",
    "action_flag": 2,
    "change_message": "[{\"changed\": {\"fields\": [\"registrant\"]}}]"
  }
},
{
  "model": "admin.logentry",
  "pk": 436,
  "fields": {
    "action_time": "2018-03-07T10:31:38.148Z",
    "user": 2,
    "content_type": 21,
    "object_id": "156",
    "object_repr": "ceradicupramilano.it",
    "action_flag": 2,
    "change_message": "[{\"changed\": {\"fields\": [\"registrant\"]}}]"
  }
},
{
  "model": "admin.logentry",
  "pk": 437,
  "fields": {
    "action_time": "2018-03-07T10:31:45.728Z",
    "user": 2,
    "content_type": 21,
    "object_id": "155",
    "object_repr": "ceradicupramilano.com",
    "action_flag": 2,
    "change_message": "[{\"changed\": {\"fields\": [\"registrant\"]}}]"
  }
},
{
  "model": "admin.logentry",
  "pk": 438,
  "fields": {
    "action_time": "2018-03-07T10:31:52.775Z",
    "user": 2,
    "content_type": 21,
    "object_id": "154",
    "object_repr": "ceradicupra.it",
    "action_flag": 2,
    "change_message": "[{\"changed\": {\"fields\": [\"registrant\"]}}]"
  }
},
{
  "model": "admin.logentry",
  "pk": 439,
  "fields": {
    "action_time": "2018-03-07T10:31:58.353Z",
    "user": 2,
    "content_type": 21,
    "object_id": "153",
    "object_repr": "capitano1905.it",
    "action_flag": 2,
    "change_message": "[{\"changed\": {\"fields\": [\"registrant\"]}}]"
  }
},
{
  "model": "admin.logentry",
  "pk": 440,
  "fields": {
    "action_time": "2018-03-07T10:32:03.844Z",
    "user": 2,
    "content_type": 21,
    "object_id": "152",
    "object_repr": "capitano1905.com",
    "action_flag": 2,
    "change_message": "[{\"changed\": {\"fields\": [\"registrant\"]}}]"
  }
},
{
  "model": "admin.logentry",
  "pk": 441,
  "fields": {
    "action_time": "2018-03-07T10:32:09.581Z",
    "user": 2,
    "content_type": 21,
    "object_id": "151",
    "object_repr": "aldopasetti.it",
    "action_flag": 2,
    "change_message": "[{\"changed\": {\"fields\": [\"registrant\"]}}]"
  }
},
{
  "model": "admin.logentry",
  "pk": 442,
  "fields": {
    "action_time": "2018-03-07T10:32:15.032Z",
    "user": 2,
    "content_type": 21,
    "object_id": "150",
    "object_repr": "alcinemaconceradicupra.it",
    "action_flag": 2,
    "change_message": "[{\"changed\": {\"fields\": [\"registrant\"]}}]"
  }
},
{
  "model": "admin.logentry",
  "pk": 443,
  "fields": {
    "action_time": "2018-03-07T10:38:46.929Z",
    "user": 2,
    "content_type": 7,
    "object_id": "7",
    "object_repr": "Bagel",
    "action_flag": 2,
    "change_message": "[{\"changed\": {\"fields\": [\"team\"]}}]"
  }
},
{
  "model": "admin.logentry",
  "pk": 444,
  "fields": {
    "action_time": "2018-03-07T10:42:39.219Z",
    "user": 2,
    "content_type": 21,
    "object_id": "191",
    "object_repr": "timodore.it",
    "action_flag": 2,
    "change_message": "[{\"changed\": {\"fields\": [\"price\"]}}]"
  }
},
{
  "model": "admin.logentry",
  "pk": 445,
  "fields": {
    "action_time": "2018-03-07T10:42:55.961Z",
    "user": 2,
    "content_type": 21,
    "object_id": "190",
    "object_repr": "timodore.com",
    "action_flag": 2,
    "change_message": "[{\"changed\": {\"fields\": [\"price\"]}}]"
  }
},
{
  "model": "admin.logentry",
  "pk": 446,
  "fields": {
    "action_time": "2018-03-07T10:43:16.759Z",
    "user": 2,
    "content_type": 21,
    "object_id": "189",
    "object_repr": "stoptheparty.it",
    "action_flag": 2,
    "change_message": "[{\"changed\": {\"fields\": [\"price\"]}}]"
  }
},
{
  "model": "admin.logentry",
  "pk": 447,
  "fields": {
    "action_time": "2018-03-07T10:43:23.119Z",
    "user": 2,
    "content_type": 21,
    "object_id": "188",
    "object_repr": "sospelle.it",
    "action_flag": 2,
    "change_message": "[{\"changed\": {\"fields\": [\"price\"]}}]"
  }
},
{
  "model": "admin.logentry",
  "pk": 448,
  "fields": {
    "action_time": "2018-03-07T10:43:33.501Z",
    "user": 2,
    "content_type": 21,
    "object_id": "187",
    "object_repr": "sospelle.com",
    "action_flag": 2,
    "change_message": "[{\"changed\": {\"fields\": [\"price\"]}}]"
  }
},
{
  "model": "admin.logentry",
  "pk": 449,
  "fields": {
    "action_time": "2018-03-07T10:43:43.873Z",
    "user": 2,
    "content_type": 21,
    "object_id": "186",
    "object_repr": "sosdenti.it",
    "action_flag": 2,
    "change_message": "[{\"changed\": {\"fields\": [\"price\"]}}]"
  }
},
{
  "model": "admin.logentry",
  "pk": 450,
  "fields": {
    "action_time": "2018-03-07T10:43:56.901Z",
    "user": 2,
    "content_type": 21,
    "object_id": "185",
    "object_repr": "sosdenti.com",
    "action_flag": 2,
    "change_message": "[{\"changed\": {\"fields\": [\"price\"]}}]"
  }
},
{
  "model": "admin.logentry",
  "pk": 451,
  "fields": {
    "action_time": "2018-03-07T10:44:21.239Z",
    "user": 2,
    "content_type": 21,
    "object_id": "184",
    "object_repr": "sosciccarelli.it",
    "action_flag": 2,
    "change_message": "[{\"changed\": {\"fields\": [\"price\"]}}]"
  }
},
{
  "model": "admin.logentry",
  "pk": 452,
  "fields": {
    "action_time": "2018-03-07T10:44:31.549Z",
    "user": 2,
    "content_type": 21,
    "object_id": "183",
    "object_repr": "sosciccarelli.com",
    "action_flag": 2,
    "change_message": "[{\"changed\": {\"fields\": [\"price\"]}}]"
  }
},
{
  "model": "admin.logentry",
  "pk": 453,
  "fields": {
    "action_time": "2018-03-07T10:44:43.088Z",
    "user": 2,
    "content_type": 21,
    "object_id": "182",
    "object_repr": "sos-pelle.it",
    "action_flag": 2,
    "change_message": "[{\"changed\": {\"fields\": [\"price\"]}}]"
  }
},
{
  "model": "admin.logentry",
  "pk": 454,
  "fields": {
    "action_time": "2018-03-07T10:44:57.566Z",
    "user": 2,
    "content_type": 21,
    "object_id": "181",
    "object_repr": "sloowfootmilano.com",
    "action_flag": 2,
    "change_message": "[{\"changed\": {\"fields\": [\"price\"]}}]"
  }
},
{
  "model": "admin.logentry",
  "pk": 455,
  "fields": {
    "action_time": "2018-03-07T10:45:05.484Z",
    "user": 2,
    "content_type": 21,
    "object_id": "180",
    "object_repr": "siamotutticapitano.it",
    "action_flag": 2,
    "change_message": "[{\"changed\": {\"fields\": [\"price\"]}}]"
  }
},
{
  "model": "admin.logentry",
  "pk": 456,
  "fields": {
    "action_time": "2018-03-07T10:45:13.846Z",
    "user": 2,
    "content_type": 21,
    "object_id": "179",
    "object_repr": "saporidascoprire.it",
    "action_flag": 2,
    "change_message": "[{\"changed\": {\"fields\": [\"price\"]}}]"
  }
},
{
  "model": "admin.logentry",
  "pk": 457,
  "fields": {
    "action_time": "2018-03-07T10:45:28.548Z",
    "user": 2,
    "content_type": 21,
    "object_id": "178",
    "object_repr": "rigenerazionesmalto.it",
    "action_flag": 2,
    "change_message": "[{\"changed\": {\"fields\": [\"price\"]}}]"
  }
},
{
  "model": "admin.logentry",
  "pk": 458,
  "fields": {
    "action_time": "2018-03-07T10:45:37.027Z",
    "user": 2,
    "content_type": 21,
    "object_id": "177",
    "object_repr": "rigeneraeproteggi.it",
    "action_flag": 2,
    "change_message": "[{\"changed\": {\"fields\": [\"price\"]}}]"
  }
},
{
  "model": "admin.logentry",
  "pk": 459,
  "fields": {
    "action_time": "2018-03-07T10:46:01.502Z",
    "user": 2,
    "content_type": 21,
    "object_id": "176",
    "object_repr": "rigeneraeproteggi.com",
    "action_flag": 2,
    "change_message": "[{\"changed\": {\"fields\": [\"price\"]}}]"
  }
},
{
  "model": "admin.logentry",
  "pk": 460,
  "fields": {
    "action_time": "2018-03-07T10:46:09.125Z",
    "user": 2,
    "content_type": 21,
    "object_id": "175",
    "object_repr": "pastadelcapitano1905.it",
    "action_flag": 2,
    "change_message": "[{\"changed\": {\"fields\": [\"price\"]}}]"
  }
},
{
  "model": "admin.logentry",
  "pk": 461,
  "fields": {
    "action_time": "2018-03-07T10:46:19.756Z",
    "user": 2,
    "content_type": 21,
    "object_id": "174",
    "object_repr": "pastadelcapitano1905.com",
    "action_flag": 2,
    "change_message": "[{\"changed\": {\"fields\": [\"price\"]}}]"
  }
},
{
  "model": "admin.logentry",
  "pk": 462,
  "fields": {
    "action_time": "2018-03-07T10:46:33.373Z",
    "user": 2,
    "content_type": 21,
    "object_id": "173",
    "object_repr": "pastadelcapitano.it",
    "action_flag": 2,
    "change_message": "[{\"changed\": {\"fields\": [\"price\"]}}]"
  }
},
{
  "model": "admin.logentry",
  "pk": 463,
  "fields": {
    "action_time": "2018-03-07T10:46:43.744Z",
    "user": 2,
    "content_type": 21,
    "object_id": "172",
    "object_repr": "pastadelcapitano.com",
    "action_flag": 2,
    "change_message": "[{\"changed\": {\"fields\": [\"price\"]}}]"
  }
},
{
  "model": "admin.logentry",
  "pk": 464,
  "fields": {
    "action_time": "2018-03-07T10:46:52.837Z",
    "user": 2,
    "content_type": 21,
    "object_id": "171",
    "object_repr": "partidaipiedi.it",
    "action_flag": 2,
    "change_message": "[{\"changed\": {\"fields\": [\"price\"]}}]"
  }
},
{
  "model": "admin.logentry",
  "pk": 465,
  "fields": {
    "action_time": "2018-03-07T10:47:10.141Z",
    "user": 2,
    "content_type": 21,
    "object_id": "170",
    "object_repr": "partidaipiedi.com",
    "action_flag": 2,
    "change_message": "[{\"changed\": {\"fields\": [\"price\"]}}]"
  }
},
{
  "model": "admin.logentry",
  "pk": 466,
  "fields": {
    "action_time": "2018-03-07T10:47:21.935Z",
    "user": 2,
    "content_type": 21,
    "object_id": "169",
    "object_repr": "oxactive.it",
    "action_flag": 2,
    "change_message": "[{\"changed\": {\"fields\": [\"price\"]}}]"
  }
},
{
  "model": "admin.logentry",
  "pk": 467,
  "fields": {
    "action_time": "2018-03-07T10:47:28.457Z",
    "user": 2,
    "content_type": 21,
    "object_id": "168",
    "object_repr": "lofficinale.it",
    "action_flag": 2,
    "change_message": "[{\"changed\": {\"fields\": [\"price\"]}}]"
  }
},
{
  "model": "admin.logentry",
  "pk": 468,
  "fields": {
    "action_time": "2018-03-07T10:47:35.214Z",
    "user": 2,
    "content_type": 21,
    "object_id": "167",
    "object_repr": "intiley.it",
    "action_flag": 2,
    "change_message": "[{\"changed\": {\"fields\": [\"price\"]}}]"
  }
},
{
  "model": "admin.logentry",
  "pk": 469,
  "fields": {
    "action_time": "2018-03-07T10:47:44.369Z",
    "user": 2,
    "content_type": 21,
    "object_id": "166",
    "object_repr": "guantopresaponato.it",
    "action_flag": 2,
    "change_message": "[{\"changed\": {\"fields\": [\"price\"]}}]"
  }
},
{
  "model": "admin.logentry",
  "pk": 470,
  "fields": {
    "action_time": "2018-03-07T10:47:54.265Z",
    "user": 2,
    "content_type": 21,
    "object_id": "165",
    "object_repr": "dimensioneuomo.net",
    "action_flag": 2,
    "change_message": "[{\"changed\": {\"fields\": [\"price\"]}}]"
  }
},
{
  "model": "admin.logentry",
  "pk": 471,
  "fields": {
    "action_time": "2018-03-07T10:48:03.895Z",
    "user": 2,
    "content_type": 21,
    "object_id": "164",
    "object_repr": "declaril.it",
    "action_flag": 2,
    "change_message": "[{\"changed\": {\"fields\": [\"price\"]}}]"
  }
},
{
  "model": "admin.logentry",
  "pk": 472,
  "fields": {
    "action_time": "2018-03-07T10:48:10.512Z",
    "user": 2,
    "content_type": 21,
    "object_id": "163",
    "object_repr": "cupramilano.it",
    "action_flag": 2,
    "change_message": "[{\"changed\": {\"fields\": [\"price\"]}}]"
  }
},
{
  "model": "admin.logentry",
  "pk": 473,
  "fields": {
    "action_time": "2018-03-07T10:48:19.417Z",
    "user": 2,
    "content_type": 21,
    "object_id": "162",
    "object_repr": "cupramilano.com",
    "action_flag": 2,
    "change_message": "[{\"changed\": {\"fields\": [\"price\"]}}]"
  }
},
{
  "model": "admin.logentry",
  "pk": 474,
  "fields": {
    "action_time": "2018-03-07T10:48:28.367Z",
    "user": 2,
    "content_type": 21,
    "object_id": "161",
    "object_repr": "ciccarellishowroom.it",
    "action_flag": 2,
    "change_message": "[{\"changed\": {\"fields\": [\"price\"]}}]"
  }
},
{
  "model": "admin.logentry",
  "pk": 475,
  "fields": {
    "action_time": "2018-03-07T10:48:40.169Z",
    "user": 2,
    "content_type": 21,
    "object_id": "160",
    "object_repr": "ciccarellishowroom.com",
    "action_flag": 2,
    "change_message": "[{\"changed\": {\"fields\": [\"price\"]}}]"
  }
},
{
  "model": "admin.logentry",
  "pk": 476,
  "fields": {
    "action_time": "2018-03-07T10:48:48.181Z",
    "user": 2,
    "content_type": 21,
    "object_id": "157",
    "object_repr": "ciccarelli.it",
    "action_flag": 2,
    "change_message": "[{\"changed\": {\"fields\": [\"price\"]}}]"
  }
},
{
  "model": "admin.logentry",
  "pk": 477,
  "fields": {
    "action_time": "2018-03-07T10:49:00.402Z",
    "user": 2,
    "content_type": 21,
    "object_id": "159",
    "object_repr": "ciccarelliblogger.it",
    "action_flag": 2,
    "change_message": "[{\"changed\": {\"fields\": [\"price\"]}}]"
  }
},
{
  "model": "admin.logentry",
  "pk": 478,
  "fields": {
    "action_time": "2018-03-07T10:49:12.785Z",
    "user": 2,
    "content_type": 21,
    "object_id": "156",
    "object_repr": "ceradicupramilano.it",
    "action_flag": 2,
    "change_message": "[{\"changed\": {\"fields\": [\"price\"]}}]"
  }
},
{
  "model": "admin.logentry",
  "pk": 479,
  "fields": {
    "action_time": "2018-03-07T10:49:29.313Z",
    "user": 2,
    "content_type": 21,
    "object_id": "150",
    "object_repr": "alcinemaconceradicupra.it",
    "action_flag": 2,
    "change_message": "[{\"changed\": {\"fields\": [\"price\"]}}]"
  }
},
{
  "model": "admin.logentry",
  "pk": 480,
  "fields": {
    "action_time": "2018-03-07T10:49:39.308Z",
    "user": 2,
    "content_type": 21,
    "object_id": "151",
    "object_repr": "aldopasetti.it",
    "action_flag": 2,
    "change_message": "[{\"changed\": {\"fields\": [\"price\"]}}]"
  }
},
{
  "model": "admin.logentry",
  "pk": 481,
  "fields": {
    "action_time": "2018-03-07T10:49:51.298Z",
    "user": 2,
    "content_type": 21,
    "object_id": "152",
    "object_repr": "capitano1905.com",
    "action_flag": 2,
    "change_message": "[{\"changed\": {\"fields\": [\"price\"]}}]"
  }
},
{
  "model": "admin.logentry",
  "pk": 482,
  "fields": {
    "action_time": "2018-03-07T10:50:01.046Z",
    "user": 2,
    "content_type": 21,
    "object_id": "153",
    "object_repr": "capitano1905.it",
    "action_flag": 2,
    "change_message": "[{\"changed\": {\"fields\": [\"price\"]}}]"
  }
},
{
  "model": "admin.logentry",
  "pk": 483,
  "fields": {
    "action_time": "2018-03-07T10:50:09.548Z",
    "user": 2,
    "content_type": 21,
    "object_id": "154",
    "object_repr": "ceradicupra.it",
    "action_flag": 2,
    "change_message": "[{\"changed\": {\"fields\": [\"price\"]}}]"
  }
},
{
  "model": "admin.logentry",
  "pk": 484,
  "fields": {
    "action_time": "2018-03-07T10:50:21.106Z",
    "user": 2,
    "content_type": 21,
    "object_id": "155",
    "object_repr": "ceradicupramilano.com",
    "action_flag": 2,
    "change_message": "[{\"changed\": {\"fields\": [\"price\"]}}]"
  }
},
{
  "model": "admin.logentry",
  "pk": 485,
  "fields": {
    "action_time": "2018-03-07T10:50:34.339Z",
    "user": 2,
    "content_type": 21,
    "object_id": "158",
    "object_repr": "ciccarelliblogger.com",
    "action_flag": 2,
    "change_message": "[{\"changed\": {\"fields\": [\"price\"]}}]"
  }
},
{
  "model": "admin.logentry",
  "pk": 486,
  "fields": {
    "action_time": "2018-03-07T12:01:23.719Z",
    "user": 2,
    "content_type": 21,
    "object_id": "194",
    "object_repr": "ciccarelli.ru",
    "action_flag": 2,
    "change_message": "[{\"changed\": {\"fields\": [\"price\"]}}]"
  }
},
{
  "model": "admin.logentry",
  "pk": 487,
  "fields": {
    "action_time": "2018-03-07T12:01:40.524Z",
    "user": 2,
    "content_type": 21,
    "object_id": "195",
    "object_repr": "pastadelcapitano.ru",
    "action_flag": 2,
    "change_message": "[{\"changed\": {\"fields\": [\"price\"]}}]"
  }
},
{
  "model": "admin.logentry",
  "pk": 488,
  "fields": {
    "action_time": "2018-03-07T12:06:08.938Z",
    "user": 2,
    "content_type": 21,
    "object_id": "4",
    "object_repr": "wepersonal.com",
    "action_flag": 2,
    "change_message": "[{\"changed\": {\"fields\": [\"end_time\"]}}]"
  }
},
{
  "model": "admin.logentry",
  "pk": 489,
  "fields": {
    "action_time": "2018-03-07T12:08:37.471Z",
    "user": 2,
    "content_type": 21,
    "object_id": "80",
    "object_repr": "jorpak.it",
    "action_flag": 2,
    "change_message": "[{\"changed\": {\"fields\": [\"price\", \"end_time\"]}}]"
  }
},
{
  "model": "admin.logentry",
  "pk": 490,
  "fields": {
    "action_time": "2018-03-07T12:14:59.860Z",
    "user": 2,
    "content_type": 21,
    "object_id": "150",
    "object_repr": "alcinemaconceradicupra.it",
    "action_flag": 2,
    "change_message": "[{\"changed\": {\"fields\": [\"to_renew\"]}}]"
  }
},
{
  "model": "admin.logentry",
  "pk": 491,
  "fields": {
    "action_time": "2018-03-07T12:15:10.077Z",
    "user": 2,
    "content_type": 21,
    "object_id": "179",
    "object_repr": "saporidascoprire.it",
    "action_flag": 2,
    "change_message": "[{\"changed\": {\"fields\": [\"to_renew\"]}}]"
  }
},
{
  "model": "admin.logentry",
  "pk": 492,
  "fields": {
    "action_time": "2018-03-07T14:27:11.159Z",
    "user": 2,
    "content_type": 19,
    "object_id": "12",
    "object_repr": "Vhosting Macchina Grande",
    "action_flag": 1,
    "change_message": "[{\"added\": {}}]"
  }
},
{
  "model": "admin.logentry",
  "pk": 493,
  "fields": {
    "action_time": "2018-03-07T14:27:42.630Z",
    "user": 2,
    "content_type": 19,
    "object_id": "12",
    "object_repr": "Vhosting Macchina Grande",
    "action_flag": 2,
    "change_message": "[{\"changed\": {\"fields\": [\"server_address\"]}}]"
  }
},
{
  "model": "admin.logentry",
  "pk": 494,
  "fields": {
    "action_time": "2018-03-07T14:29:14.698Z",
    "user": 2,
    "content_type": 19,
    "object_id": "12",
    "object_repr": "Vhosting Macchina Grande",
    "action_flag": 2,
    "change_message": "[{\"changed\": {\"fields\": [\"name_on_reseller\", \"end_time\"]}}]"
  }
},
{
  "model": "admin.logentry",
  "pk": 495,
  "fields": {
    "action_time": "2018-03-07T14:29:24.690Z",
    "user": 2,
    "content_type": 18,
    "object_id": "2",
    "object_repr": "vhosting",
    "action_flag": 1,
    "change_message": "[{\"added\": {}}]"
  }
},
{
  "model": "admin.logentry",
  "pk": 496,
  "fields": {
    "action_time": "2018-03-07T14:30:50.827Z",
    "user": 2,
    "content_type": 19,
    "object_id": "12",
    "object_repr": "Vhosting Macchina Grande",
    "action_flag": 2,
    "change_message": "[{\"changed\": {\"fields\": [\"reseller\", \"reseller_panel\", \"reseller_panel_username\", \"reseller_panel_password\"]}}]"
  }
},
{
  "model": "admin.logentry",
  "pk": 497,
  "fields": {
    "action_time": "2018-03-07T14:31:37.438Z",
    "user": 2,
    "content_type": 19,
    "object_id": "7",
    "object_repr": "Ciccarelli",
    "action_flag": 2,
    "change_message": "[{\"changed\": {\"fields\": [\"reseller\"]}}]"
  }
},
{
  "model": "admin.logentry",
  "pk": 498,
  "fields": {
    "action_time": "2018-03-07T14:31:47.235Z",
    "user": 2,
    "content_type": 19,
    "object_id": "7",
    "object_repr": "Ciccarelli",
    "action_flag": 2,
    "change_message": "[{\"changed\": {\"fields\": [\"reseller\"]}}]"
  }
},
{
  "model": "admin.logentry",
  "pk": 499,
  "fields": {
    "action_time": "2018-03-07T14:32:38.105Z",
    "user": 2,
    "content_type": 18,
    "object_id": "3",
    "object_repr": "hezner",
    "action_flag": 1,
    "change_message": "[{\"added\": {}}]"
  }
},
{
  "model": "admin.logentry",
  "pk": 500,
  "fields": {
    "action_time": "2018-03-07T14:32:59.465Z",
    "user": 2,
    "content_type": 19,
    "object_id": "1",
    "object_repr": "Lotrek",
    "action_flag": 2,
    "change_message": "[{\"changed\": {\"fields\": [\"reseller\"]}}]"
  }
},
{
  "model": "admin.logentry",
  "pk": 501,
  "fields": {
    "action_time": "2018-03-07T15:33:33.884Z",
    "user": 2,
    "content_type": 19,
    "object_id": "13",
    "object_repr": "Sparkandwaterserver",
    "action_flag": 1,
    "change_message": "[{\"added\": {}}]"
  }
},
{
  "model": "admin.logentry",
  "pk": 502,
  "fields": {
    "action_time": "2018-03-07T15:38:06.218Z",
    "user": 2,
    "content_type": 19,
    "object_id": "13",
    "object_repr": "Sparkandwaterserver",
    "action_flag": 2,
    "change_message": "[]"
  }
},
{
  "model": "admin.logentry",
  "pk": 503,
  "fields": {
    "action_time": "2018-03-07T15:40:34.305Z",
    "user": 2,
    "content_type": 19,
    "object_id": "13",
    "object_repr": "Sparkandwaterserver",
    "action_flag": 2,
    "change_message": "[{\"changed\": {\"fields\": [\"end_time\"]}}]"
  }
},
{
  "model": "admin.logentry",
  "pk": 504,
  "fields": {
    "action_time": "2018-03-07T15:40:52.870Z",
    "user": 2,
    "content_type": 19,
    "object_id": "13",
    "object_repr": "Sparkandwater-server",
    "action_flag": 2,
    "change_message": "[{\"changed\": {\"fields\": [\"name\"]}}]"
  }
},
{
  "model": "admin.logentry",
  "pk": 505,
  "fields": {
    "action_time": "2018-03-07T15:43:58.211Z",
    "user": 2,
    "content_type": 19,
    "object_id": "14",
    "object_repr": "wepersonal-server",
    "action_flag": 1,
    "change_message": "[{\"added\": {}}]"
  }
},
{
  "model": "admin.logentry",
  "pk": 506,
  "fields": {
    "action_time": "2018-03-07T15:44:05.672Z",
    "user": 2,
    "content_type": 19,
    "object_id": "14",
    "object_repr": "Wepersonal-server",
    "action_flag": 2,
    "change_message": "[{\"changed\": {\"fields\": [\"name\"]}}]"
  }
},
{
  "model": "admin.logentry",
  "pk": 507,
  "fields": {
    "action_time": "2018-03-07T15:44:25.621Z",
    "user": 2,
    "content_type": 19,
    "object_id": "14",
    "object_repr": "Wepersonal-server",
    "action_flag": 2,
    "change_message": "[{\"changed\": {\"fields\": [\"online_panel_username\", \"online_panel_password\"]}}]"
  }
},
{
  "model": "admin.logentry",
  "pk": 508,
  "fields": {
    "action_time": "2018-03-07T15:45:11.042Z",
    "user": 2,
    "content_type": 19,
    "object_id": "14",
    "object_repr": "Wepersonal-server",
    "action_flag": 2,
    "change_message": "[{\"changed\": {\"fields\": [\"server_address\"]}}]"
  }
},
{
  "model": "admin.logentry",
  "pk": 509,
  "fields": {
    "action_time": "2018-03-07T15:45:49.026Z",
    "user": 2,
    "content_type": 19,
    "object_id": "14",
    "object_repr": "Wepersonal-server",
    "action_flag": 2,
    "change_message": "[{\"changed\": {\"fields\": [\"end_time\"]}}]"
  }
},
{
  "model": "admin.logentry",
  "pk": 510,
  "fields": {
    "action_time": "2018-03-07T15:50:23.189Z",
    "user": 2,
    "content_type": 19,
    "object_id": "2",
    "object_repr": "TVL Server",
    "action_flag": 2,
    "change_message": "[{\"changed\": {\"fields\": [\"management_contract\"]}}]"
  }
},
{
  "model": "admin.logentry",
  "pk": 511,
  "fields": {
    "action_time": "2018-03-07T15:50:33.475Z",
    "user": 2,
    "content_type": 19,
    "object_id": "3",
    "object_repr": "EG Server",
    "action_flag": 2,
    "change_message": "[{\"changed\": {\"fields\": [\"management_contract\"]}}]"
  }
},
{
  "model": "admin.logentry",
  "pk": 512,
  "fields": {
    "action_time": "2018-03-07T15:50:48.751Z",
    "user": 2,
    "content_type": 19,
    "object_id": "11",
    "object_repr": "Cutlite",
    "action_flag": 2,
    "change_message": "[{\"changed\": {\"fields\": [\"management_contract\"]}}]"
  }
},
{
  "model": "admin.logentry",
  "pk": 513,
  "fields": {
    "action_time": "2018-03-07T15:59:22.422Z",
    "user": 2,
    "content_type": 19,
    "object_id": "15",
    "object_repr": "Spark-and-water-server-mail",
    "action_flag": 1,
    "change_message": "[{\"added\": {}}]"
  }
},
{
  "model": "admin.logentry",
  "pk": 514,
  "fields": {
    "action_time": "2018-03-07T16:00:40.152Z",
    "user": 2,
    "content_type": 19,
    "object_id": "15",
    "object_repr": "Spark-and-water-server-mail",
    "action_flag": 2,
    "change_message": "[{\"changed\": {\"fields\": [\"server_address\"]}}]"
  }
},
{
  "model": "admin.logentry",
  "pk": 515,
  "fields": {
    "action_time": "2018-03-07T16:01:26.994Z",
    "user": 2,
    "content_type": 19,
    "object_id": "15",
    "object_repr": "Spark-and-water-server-mail",
    "action_flag": 2,
    "change_message": "[{\"changed\": {\"fields\": [\"end_time\"]}}]"
  }
},
{
  "model": "admin.logentry",
  "pk": 516,
  "fields": {
    "action_time": "2018-03-07T16:04:42.792Z",
    "user": 2,
    "content_type": 19,
    "object_id": "16",
    "object_repr": "we-personal-server-mail",
    "action_flag": 1,
    "change_message": "[{\"added\": {}}]"
  }
},
{
  "model": "admin.logentry",
  "pk": 517,
  "fields": {
    "action_time": "2018-03-07T16:06:12.646Z",
    "user": 2,
    "content_type": 19,
    "object_id": "16",
    "object_repr": "we-personal-server-mail",
    "action_flag": 2,
    "change_message": "[{\"changed\": {\"fields\": [\"server_address\"]}}]"
  }
},
{
  "model": "admin.logentry",
  "pk": 518,
  "fields": {
    "action_time": "2018-03-07T16:11:20.077Z",
    "user": 2,
    "content_type": 19,
    "object_id": "16",
    "object_repr": "We-personal-server-mail",
    "action_flag": 2,
    "change_message": "[{\"changed\": {\"fields\": [\"name\"]}}]"
  }
},
{
  "model": "admin.logentry",
  "pk": 519,
  "fields": {
    "action_time": "2018-03-07T16:19:50.454Z",
    "user": 2,
    "content_type": 19,
    "object_id": "17",
    "object_repr": "x-logic-frazionabile",
    "action_flag": 1,
    "change_message": "[{\"added\": {}}]"
  }
},
{
  "model": "admin.logentry",
  "pk": 520,
  "fields": {
    "action_time": "2018-03-07T16:19:57.076Z",
    "user": 2,
    "content_type": 19,
    "object_id": "17",
    "object_repr": "X-logic-frazionabile",
    "action_flag": 2,
    "change_message": "[{\"changed\": {\"fields\": [\"name\"]}}]"
  }
},
{
  "model": "admin.logentry",
  "pk": 521,
  "fields": {
    "action_time": "2018-03-07T16:20:23.245Z",
    "user": 2,
    "content_type": 18,
    "object_id": "4",
    "object_repr": "xlogic",
    "action_flag": 1,
    "change_message": "[{\"added\": {}}]"
  }
},
{
  "model": "admin.logentry",
  "pk": 522,
  "fields": {
    "action_time": "2018-03-07T16:20:40.452Z",
    "user": 2,
    "content_type": 19,
    "object_id": "17",
    "object_repr": "X-logic-frazionabile",
    "action_flag": 2,
    "change_message": "[{\"changed\": {\"fields\": [\"reseller\"]}}]"
  }
},
{
  "model": "admin.logentry",
  "pk": 523,
  "fields": {
    "action_time": "2018-03-07T16:21:07.822Z",
    "user": 2,
    "content_type": 19,
    "object_id": "17",
    "object_repr": "X-logic-frazionabile",
    "action_flag": 2,
    "change_message": "[{\"changed\": {\"fields\": [\"server_address\"]}}]"
  }
},
{
  "model": "admin.logentry",
  "pk": 524,
  "fields": {
    "action_time": "2018-03-07T16:23:52.405Z",
    "user": 2,
    "content_type": 19,
    "object_id": "17",
    "object_repr": "X-logic-frazionabile",
    "action_flag": 2,
    "change_message": "[{\"changed\": {\"fields\": [\"end_time\"]}}]"
  }
},
{
  "model": "admin.logentry",
  "pk": 525,
  "fields": {
    "action_time": "2018-03-07T16:27:59.734Z",
    "user": 2,
    "content_type": 19,
    "object_id": "18",
    "object_repr": "Server-Agostini",
    "action_flag": 1,
    "change_message": "[{\"added\": {}}]"
  }
},
{
  "model": "admin.logentry",
  "pk": 526,
  "fields": {
    "action_time": "2018-03-07T16:35:17.438Z",
    "user": 2,
    "content_type": 19,
    "object_id": "18",
    "object_repr": "Server-Agostini",
    "action_flag": 2,
    "change_message": "[{\"changed\": {\"fields\": [\"end_time\"]}}]"
  }
},
{
  "model": "admin.logentry",
  "pk": 527,
  "fields": {
    "action_time": "2018-03-07T16:44:39.172Z",
    "user": 2,
    "content_type": 19,
    "object_id": "18",
    "object_repr": "Server-Agostini",
    "action_flag": 2,
    "change_message": "[{\"changed\": {\"fields\": [\"online_panel\", \"online_panel_username\", \"online_panel_password\"]}}]"
  }
},
{
  "model": "admin.logentry",
  "pk": 528,
  "fields": {
    "action_time": "2018-03-07T16:49:16.756Z",
    "user": 2,
    "content_type": 19,
    "object_id": "18",
    "object_repr": "Server-Agostini",
    "action_flag": 2,
    "change_message": "[{\"changed\": {\"fields\": [\"server_address\"]}}]"
  }
},
{
  "model": "admin.logentry",
  "pk": 529,
  "fields": {
    "action_time": "2018-03-07T17:10:27.884Z",
    "user": 2,
    "content_type": 26,
    "object_id": "1",
    "object_repr": "Customer object",
    "action_flag": 1,
    "change_message": "[{\"added\": {}}]"
  }
},
{
  "model": "admin.logentry",
  "pk": 530,
  "fields": {
    "action_time": "2018-03-07T17:25:26.872Z",
    "user": 2,
    "content_type": 27,
    "object_id": "1",
    "object_repr": "Payment object",
    "action_flag": 1,
    "change_message": "[{\"added\": {}}]"
  }
},
{
  "model": "admin.logentry",
  "pk": 531,
  "fields": {
    "action_time": "2018-03-07T17:28:04.064Z",
    "user": 2,
    "content_type": 27,
    "object_id": "1",
    "object_repr": "Payment object",
    "action_flag": 2,
    "change_message": "[{\"changed\": {\"fields\": [\"end_time\"]}}]"
  }
},
{
  "model": "admin.logentry",
  "pk": 532,
  "fields": {
    "action_time": "2018-03-07T17:44:51.486Z",
    "user": 2,
    "content_type": 19,
    "object_id": "19",
    "object_repr": "Cs-michelangelo",
    "action_flag": 1,
    "change_message": "[{\"added\": {}}]"
  }
},
{
  "model": "admin.logentry",
  "pk": 533,
  "fields": {
    "action_time": "2018-03-07T17:45:01.804Z",
    "user": 2,
    "content_type": 19,
    "object_id": "19",
    "object_repr": "Cs-michelangelo",
    "action_flag": 2,
    "change_message": "[{\"changed\": {\"fields\": [\"server_address\"]}}]"
  }
},
{
  "model": "admin.logentry",
  "pk": 534,
  "fields": {
    "action_time": "2018-03-07T17:55:34.403Z",
    "user": 2,
    "content_type": 27,
    "object_id": "2",
    "object_repr": "Payment object",
    "action_flag": 1,
    "change_message": "[{\"added\": {}}]"
  }
},
{
  "model": "admin.logentry",
  "pk": 535,
  "fields": {
    "action_time": "2018-03-07T17:55:50.182Z",
    "user": 2,
    "content_type": 27,
    "object_id": "2",
    "object_repr": "Payment object",
    "action_flag": 2,
    "change_message": "[{\"changed\": {\"fields\": [\"name\"]}}]"
  }
},
{
  "model": "admin.logentry",
  "pk": 536,
  "fields": {
    "action_time": "2018-03-07T17:56:13.699Z",
    "user": 2,
    "content_type": 27,
    "object_id": "1",
    "object_repr": "Payment object",
    "action_flag": 2,
    "change_message": "[{\"changed\": {\"fields\": [\"name\"]}}]"
  }
},
{
  "model": "admin.logentry",
  "pk": 537,
  "fields": {
    "action_time": "2018-03-07T17:56:20.668Z",
    "user": 2,
    "content_type": 27,
    "object_id": "2",
    "object_repr": "Payment object",
    "action_flag": 2,
    "change_message": "[{\"changed\": {\"fields\": [\"name\"]}}]"
  }
},
{
  "model": "admin.logentry",
  "pk": 538,
  "fields": {
    "action_time": "2018-03-07T17:57:09.686Z",
    "user": 2,
    "content_type": 26,
    "object_id": "2",
    "object_repr": "We Personal",
    "action_flag": 1,
    "change_message": "[{\"added\": {}}]"
  }
},
{
  "model": "admin.logentry",
  "pk": 539,
  "fields": {
    "action_time": "2018-03-07T17:57:41.040Z",
    "user": 2,
    "content_type": 27,
    "object_id": "2",
    "object_repr": "Payment object",
    "action_flag": 2,
    "change_message": "[{\"changed\": {\"fields\": [\"customer\"]}}]"
  }
},
{
  "model": "admin.logentry",
  "pk": 540,
  "fields": {
    "action_time": "2018-03-07T17:59:08.259Z",
    "user": 2,
    "content_type": 27,
    "object_id": "2",
    "object_repr": "Payment object",
    "action_flag": 2,
    "change_message": "[{\"changed\": {\"fields\": [\"end_time\"]}}]"
  }
},
{
  "model": "admin.logentry",
  "pk": 541,
  "fields": {
    "action_time": "2018-03-07T18:02:30.610Z",
    "user": 2,
    "content_type": 27,
    "object_id": "3",
    "object_repr": "Payment object",
    "action_flag": 1,
    "change_message": "[{\"added\": {}}]"
  }
},
{
  "model": "admin.logentry",
  "pk": 542,
  "fields": {
    "action_time": "2018-03-07T18:02:46.168Z",
    "user": 2,
    "content_type": 26,
    "object_id": "3",
    "object_repr": "Spark and water",
    "action_flag": 1,
    "change_message": "[{\"added\": {}}]"
  }
},
{
  "model": "admin.logentry",
  "pk": 543,
  "fields": {
    "action_time": "2018-03-07T18:06:38.941Z",
    "user": 2,
    "content_type": 27,
    "object_id": "3",
    "object_repr": "Payment object",
    "action_flag": 2,
    "change_message": "[{\"changed\": {\"fields\": [\"domains\"]}}]"
  }
},
{
  "model": "admin.logentry",
  "pk": 544,
  "fields": {
    "action_time": "2018-03-07T18:06:49.481Z",
    "user": 2,
    "content_type": 27,
    "object_id": "3",
    "object_repr": "Payment object",
    "action_flag": 2,
    "change_message": "[{\"changed\": {\"fields\": [\"name\"]}}]"
  }
},
{
  "model": "admin.logentry",
  "pk": 545,
  "fields": {
    "action_time": "2018-03-07T18:18:36.635Z",
    "user": 2,
    "content_type": 27,
    "object_id": "4",
    "object_repr": "Payment object",
    "action_flag": 1,
    "change_message": "[{\"added\": {}}]"
  }
},
{
  "model": "admin.logentry",
  "pk": 546,
  "fields": {
    "action_time": "2018-03-07T18:19:24.640Z",
    "user": 2,
    "content_type": 26,
    "object_id": "4",
    "object_repr": "Spark and water",
    "action_flag": 1,
    "change_message": "[{\"added\": {}}]"
  }
},
{
  "model": "admin.logentry",
  "pk": 547,
  "fields": {
    "action_time": "2018-03-07T18:19:34.183Z",
    "user": 2,
    "content_type": 26,
    "object_id": "4",
    "object_repr": "Spark and water",
    "action_flag": 3,
    "change_message": ""
  }
},
{
  "model": "admin.logentry",
  "pk": 548,
  "fields": {
    "action_time": "2018-03-07T18:19:48.382Z",
    "user": 2,
    "content_type": 27,
    "object_id": "3",
    "object_repr": "Payment object",
    "action_flag": 2,
    "change_message": "[{\"changed\": {\"fields\": [\"customer\"]}}]"
  }
},
{
  "model": "admin.logentry",
  "pk": 549,
  "fields": {
    "action_time": "2018-03-07T18:20:09.531Z",
    "user": 2,
    "content_type": 26,
    "object_id": "5",
    "object_repr": "Tenco",
    "action_flag": 1,
    "change_message": "[{\"added\": {}}]"
  }
},
{
  "model": "admin.logentry",
  "pk": 550,
  "fields": {
    "action_time": "2018-03-07T18:20:31.578Z",
    "user": 2,
    "content_type": 27,
    "object_id": "4",
    "object_repr": "Payment object",
    "action_flag": 2,
    "change_message": "[{\"changed\": {\"fields\": [\"customer\"]}}]"
  }
},
{
  "model": "admin.logentry",
  "pk": 551,
  "fields": {
    "action_time": "2018-03-07T18:24:15.535Z",
    "user": 2,
    "content_type": 27,
    "object_id": "4",
    "object_repr": "Payment object",
    "action_flag": 2,
    "change_message": "[{\"changed\": {\"fields\": [\"note\"]}}]"
  }
},
{
  "model": "admin.logentry",
  "pk": 552,
  "fields": {
    "action_time": "2018-03-07T18:25:17.429Z",
    "user": 2,
    "content_type": 27,
    "object_id": "1",
    "object_repr": "Payment object",
    "action_flag": 2,
    "change_message": "[{\"changed\": {\"fields\": [\"note\"]}}]"
  }
},
{
  "model": "admin.logentry",
  "pk": 553,
  "fields": {
    "action_time": "2018-03-07T18:27:05.259Z",
    "user": 2,
    "content_type": 21,
    "object_id": "4",
    "object_repr": "wepersonal.it",
    "action_flag": 2,
    "change_message": "[{\"changed\": {\"fields\": [\"name\"]}}]"
  }
},
{
  "model": "admin.logentry",
  "pk": 554,
  "fields": {
    "action_time": "2018-03-07T18:27:23.776Z",
    "user": 2,
    "content_type": 27,
    "object_id": "2",
    "object_repr": "Payment object",
    "action_flag": 2,
    "change_message": "[{\"changed\": {\"fields\": [\"domains\"]}}]"
  }
},
{
  "model": "admin.logentry",
  "pk": 555,
  "fields": {
    "action_time": "2018-03-07T18:27:42.157Z",
    "user": 2,
    "content_type": 27,
    "object_id": "1",
    "object_repr": "Payment object",
    "action_flag": 2,
    "change_message": "[{\"changed\": {\"fields\": [\"note\"]}}]"
  }
},
{
  "model": "admin.logentry",
  "pk": 556,
  "fields": {
    "action_time": "2018-03-07T18:29:51.546Z",
    "user": 2,
    "content_type": 21,
    "object_id": "16",
    "object_repr": "tenco.it",
    "action_flag": 2,
    "change_message": "[{\"changed\": {\"fields\": [\"name\"]}}]"
  }
},
{
  "model": "admin.logentry",
  "pk": 557,
  "fields": {
    "action_time": "2018-03-08T09:41:23.352Z",
    "user": 2,
    "content_type": 26,
    "object_id": "6",
    "object_repr": "Art Shop Gallery",
    "action_flag": 1,
    "change_message": "[{\"added\": {}}]"
  }
},
{
  "model": "admin.logentry",
  "pk": 558,
  "fields": {
    "action_time": "2018-03-08T09:42:52.555Z",
    "user": 2,
    "content_type": 27,
    "object_id": "5",
    "object_repr": "Payment object",
    "action_flag": 1,
    "change_message": "[{\"added\": {}}]"
  }
},
{
  "model": "admin.logentry",
  "pk": 559,
  "fields": {
    "action_time": "2018-03-08T09:45:49.623Z",
    "user": 2,
    "content_type": 27,
    "object_id": "5",
    "object_repr": "Payment object",
    "action_flag": 2,
    "change_message": "[]"
  }
},
{
  "model": "admin.logentry",
  "pk": 560,
  "fields": {
    "action_time": "2018-03-08T09:55:39.264Z",
    "user": 2,
    "content_type": 27,
    "object_id": "1",
    "object_repr": "Payment object",
    "action_flag": 2,
    "change_message": "[{\"changed\": {\"fields\": [\"paid\"]}}]"
  }
},
{
  "model": "admin.logentry",
  "pk": 561,
  "fields": {
    "action_time": "2018-03-08T10:01:42.758Z",
    "user": 2,
    "content_type": 27,
    "object_id": "1",
    "object_repr": "Payment object",
    "action_flag": 2,
    "change_message": "[{\"changed\": {\"fields\": [\"start_time\"]}}]"
  }
},
{
  "model": "admin.logentry",
  "pk": 562,
  "fields": {
    "action_time": "2018-03-08T10:03:56.201Z",
    "user": 2,
    "content_type": 26,
    "object_id": "7",
    "object_repr": "Gymnasium spazio donna",
    "action_flag": 1,
    "change_message": "[{\"added\": {}}]"
  }
},
{
  "model": "admin.logentry",
  "pk": 563,
  "fields": {
    "action_time": "2018-03-08T10:07:17.682Z",
    "user": 2,
    "content_type": 27,
    "object_id": "6",
    "object_repr": "Payment object",
    "action_flag": 1,
    "change_message": "[{\"added\": {}}]"
  }
},
{
  "model": "admin.logentry",
  "pk": 564,
  "fields": {
    "action_time": "2018-03-08T10:11:32.547Z",
    "user": 2,
    "content_type": 27,
    "object_id": "7",
    "object_repr": "Payment object",
    "action_flag": 1,
    "change_message": "[{\"added\": {}}]"
  }
},
{
  "model": "admin.logentry",
  "pk": 565,
  "fields": {
    "action_time": "2018-03-08T10:11:59.878Z",
    "user": 2,
    "content_type": 26,
    "object_id": "8",
    "object_repr": "Agriturismo Amedea",
    "action_flag": 1,
    "change_message": "[{\"added\": {}}]"
  }
},
{
  "model": "admin.logentry",
  "pk": 566,
  "fields": {
    "action_time": "2018-03-08T10:12:11.289Z",
    "user": 2,
    "content_type": 27,
    "object_id": "7",
    "object_repr": "Payment object",
    "action_flag": 2,
    "change_message": "[{\"changed\": {\"fields\": [\"customer\"]}}]"
  }
},
{
  "model": "admin.logentry",
  "pk": 567,
  "fields": {
    "action_time": "2018-03-08T10:13:14.459Z",
    "user": 2,
    "content_type": 26,
    "object_id": "9",
    "object_repr": "Zest Today",
    "action_flag": 1,
    "change_message": "[{\"added\": {}}]"
  }
},
{
  "model": "admin.logentry",
  "pk": 568,
  "fields": {
    "action_time": "2018-03-08T10:20:19.435Z",
    "user": 2,
    "content_type": 27,
    "object_id": "2",
    "object_repr": "Payment object",
    "action_flag": 2,
    "change_message": "[{\"changed\": {\"fields\": [\"start_time\"]}}]"
  }
},
{
  "model": "admin.logentry",
  "pk": 569,
  "fields": {
    "action_time": "2018-03-08T10:20:28.031Z",
    "user": 2,
    "content_type": 27,
    "object_id": "2",
    "object_repr": "Payment object",
    "action_flag": 2,
    "change_message": "[{\"changed\": {\"fields\": [\"paid\"]}}]"
  }
},
{
  "model": "admin.logentry",
  "pk": 570,
  "fields": {
    "action_time": "2018-03-08T10:23:10.668Z",
    "user": 2,
    "content_type": 27,
    "object_id": "5",
    "object_repr": "Payment object",
    "action_flag": 2,
    "change_message": "[{\"changed\": {\"fields\": [\"start_time\"]}}]"
  }
},
{
  "model": "admin.logentry",
  "pk": 571,
  "fields": {
    "action_time": "2018-03-08T10:23:30.279Z",
    "user": 2,
    "content_type": 27,
    "object_id": "6",
    "object_repr": "Payment object",
    "action_flag": 2,
    "change_message": "[{\"changed\": {\"fields\": [\"start_time\"]}}]"
  }
},
{
  "model": "admin.logentry",
  "pk": 572,
  "fields": {
    "action_time": "2018-03-08T10:23:45.902Z",
    "user": 2,
    "content_type": 27,
    "object_id": "7",
    "object_repr": "Payment object",
    "action_flag": 2,
    "change_message": "[{\"changed\": {\"fields\": [\"start_time\"]}}]"
  }
},
{
  "model": "admin.logentry",
  "pk": 573,
  "fields": {
    "action_time": "2018-03-08T10:24:08.409Z",
    "user": 2,
    "content_type": 27,
    "object_id": "5",
    "object_repr": "Payment object",
    "action_flag": 2,
    "change_message": "[{\"changed\": {\"fields\": [\"paid\"]}}]"
  }
},
{
  "model": "admin.logentry",
  "pk": 574,
  "fields": {
    "action_time": "2018-03-08T10:24:16.059Z",
    "user": 2,
    "content_type": 27,
    "object_id": "6",
    "object_repr": "Payment object",
    "action_flag": 2,
    "change_message": "[{\"changed\": {\"fields\": [\"paid\"]}}]"
  }
},
{
  "model": "admin.logentry",
  "pk": 575,
  "fields": {
    "action_time": "2018-03-08T10:24:22.442Z",
    "user": 2,
    "content_type": 27,
    "object_id": "7",
    "object_repr": "Payment object",
    "action_flag": 2,
    "change_message": "[{\"changed\": {\"fields\": [\"paid\"]}}]"
  }
},
{
  "model": "admin.logentry",
  "pk": 576,
  "fields": {
    "action_time": "2018-03-08T10:26:09.930Z",
    "user": 2,
    "content_type": 27,
    "object_id": "8",
    "object_repr": "Payment object",
    "action_flag": 1,
    "change_message": "[{\"added\": {}}]"
  }
},
{
  "model": "admin.logentry",
  "pk": 577,
  "fields": {
    "action_time": "2018-03-08T10:27:15.695Z",
    "user": 2,
    "content_type": 27,
    "object_id": "8",
    "object_repr": "Payment object",
    "action_flag": 3,
    "change_message": ""
  }
},
{
  "model": "admin.logentry",
  "pk": 578,
  "fields": {
    "action_time": "2018-03-08T10:27:49.794Z",
    "user": 2,
    "content_type": 27,
    "object_id": "5",
    "object_repr": "Payment object",
    "action_flag": 2,
    "change_message": "[{\"changed\": {\"fields\": [\"start_time\", \"end_time\"]}}]"
  }
},
{
  "model": "admin.logentry",
  "pk": 579,
  "fields": {
    "action_time": "2018-03-08T10:27:55.872Z",
    "user": 2,
    "content_type": 27,
    "object_id": "5",
    "object_repr": "Payment object",
    "action_flag": 2,
    "change_message": "[{\"changed\": {\"fields\": [\"paid\"]}}]"
  }
},
{
  "model": "admin.logentry",
  "pk": 580,
  "fields": {
    "action_time": "2018-03-08T10:28:09.662Z",
    "user": 2,
    "content_type": 27,
    "object_id": "6",
    "object_repr": "Payment object",
    "action_flag": 2,
    "change_message": "[{\"changed\": {\"fields\": [\"start_time\", \"end_time\"]}}]"
  }
},
{
  "model": "admin.logentry",
  "pk": 581,
  "fields": {
    "action_time": "2018-03-08T10:28:26.174Z",
    "user": 2,
    "content_type": 27,
    "object_id": "6",
    "object_repr": "Payment object",
    "action_flag": 2,
    "change_message": "[{\"changed\": {\"fields\": [\"start_time\"]}}]"
  }
},
{
  "model": "admin.logentry",
  "pk": 582,
  "fields": {
    "action_time": "2018-03-08T10:28:33.705Z",
    "user": 2,
    "content_type": 27,
    "object_id": "6",
    "object_repr": "Payment object",
    "action_flag": 2,
    "change_message": "[{\"changed\": {\"fields\": [\"paid\"]}}]"
  }
},
{
  "model": "admin.logentry",
  "pk": 583,
  "fields": {
    "action_time": "2018-03-08T10:28:54.921Z",
    "user": 2,
    "content_type": 27,
    "object_id": "7",
    "object_repr": "Payment object",
    "action_flag": 2,
    "change_message": "[{\"changed\": {\"fields\": [\"start_time\", \"end_time\"]}}]"
  }
},
{
  "model": "admin.logentry",
  "pk": 584,
  "fields": {
    "action_time": "2018-03-08T10:29:08.530Z",
    "user": 2,
    "content_type": 27,
    "object_id": "7",
    "object_repr": "Payment object",
    "action_flag": 2,
    "change_message": "[{\"changed\": {\"fields\": [\"paid\"]}}]"
  }
},
{
  "model": "admin.logentry",
  "pk": 585,
  "fields": {
    "action_time": "2018-03-08T10:32:43.464Z",
    "user": 2,
    "content_type": 27,
    "object_id": "9",
    "object_repr": "Payment object",
    "action_flag": 1,
    "change_message": "[{\"added\": {}}]"
  }
},
{
  "model": "admin.logentry",
  "pk": 586,
  "fields": {
    "action_time": "2018-03-08T10:33:50.628Z",
    "user": 2,
    "content_type": 26,
    "object_id": "10",
    "object_repr": "Eredi Februari",
    "action_flag": 1,
    "change_message": "[{\"added\": {}}]"
  }
},
{
  "model": "admin.logentry",
  "pk": 587,
  "fields": {
    "action_time": "2018-03-08T10:35:58.030Z",
    "user": 2,
    "content_type": 27,
    "object_id": "10",
    "object_repr": "Payment object",
    "action_flag": 1,
    "change_message": "[{\"added\": {}}]"
  }
},
{
  "model": "admin.logentry",
  "pk": 588,
  "fields": {
    "action_time": "2018-03-08T10:37:47.976Z",
    "user": 2,
    "content_type": 26,
    "object_id": "11",
    "object_repr": "come organizzare il matrimonio",
    "action_flag": 1,
    "change_message": "[{\"added\": {}}]"
  }
},
{
  "model": "admin.logentry",
  "pk": 589,
  "fields": {
    "action_time": "2018-03-08T10:40:00.804Z",
    "user": 2,
    "content_type": 27,
    "object_id": "11",
    "object_repr": "Payment object",
    "action_flag": 1,
    "change_message": "[{\"added\": {}}]"
  }
},
{
  "model": "admin.logentry",
  "pk": 590,
  "fields": {
    "action_time": "2018-03-08T10:40:48.668Z",
    "user": 2,
    "content_type": 26,
    "object_id": "12",
    "object_repr": "Consorzio Turistico Pistoia",
    "action_flag": 1,
    "change_message": "[{\"added\": {}}]"
  }
},
{
  "model": "admin.logentry",
  "pk": 591,
  "fields": {
    "action_time": "2018-03-08T10:43:08.828Z",
    "user": 2,
    "content_type": 27,
    "object_id": "12",
    "object_repr": "Payment object",
    "action_flag": 1,
    "change_message": "[{\"added\": {}}]"
  }
},
{
  "model": "admin.logentry",
  "pk": 592,
  "fields": {
    "action_time": "2018-03-08T10:45:20.204Z",
    "user": 2,
    "content_type": 21,
    "object_id": "36",
    "object_repr": "andyleatherfactory.it",
    "action_flag": 2,
    "change_message": "[{\"changed\": {\"fields\": [\"to_renew\"]}}]"
  }
},
{
  "model": "admin.logentry",
  "pk": 593,
  "fields": {
    "action_time": "2018-03-08T10:45:59.758Z",
    "user": 2,
    "content_type": 26,
    "object_id": "13",
    "object_repr": "Frascio",
    "action_flag": 1,
    "change_message": "[{\"added\": {}}]"
  }
},
{
  "model": "admin.logentry",
  "pk": 594,
  "fields": {
    "action_time": "2018-03-08T10:56:32.676Z",
    "user": 2,
    "content_type": 19,
    "object_id": "20",
    "object_repr": "Frascio Server mail",
    "action_flag": 1,
    "change_message": "[{\"added\": {}}]"
  }
},
{
  "model": "admin.logentry",
  "pk": 595,
  "fields": {
    "action_time": "2018-03-08T10:56:55.594Z",
    "user": 2,
    "content_type": 19,
    "object_id": "20",
    "object_repr": "Frascio Server mail",
    "action_flag": 2,
    "change_message": "[{\"changed\": {\"fields\": [\"server_address\"]}}]"
  }
},
{
  "model": "admin.logentry",
  "pk": 596,
  "fields": {
    "action_time": "2018-03-08T10:58:19.347Z",
    "user": 2,
    "content_type": 27,
    "object_id": "13",
    "object_repr": "Payment object",
    "action_flag": 1,
    "change_message": "[{\"added\": {}}]"
  }
},
{
  "model": "admin.logentry",
  "pk": 597,
  "fields": {
    "action_time": "2018-03-08T11:01:23.210Z",
    "user": 2,
    "content_type": 27,
    "object_id": "13",
    "object_repr": "Payment object",
    "action_flag": 2,
    "change_message": "[{\"changed\": {\"fields\": [\"machines\", \"start_time\", \"end_time\"]}}]"
  }
},
{
  "model": "admin.logentry",
  "pk": 598,
  "fields": {
    "action_time": "2018-03-08T11:05:07.996Z",
    "user": 2,
    "content_type": 27,
    "object_id": "13",
    "object_repr": "Payment object",
    "action_flag": 2,
    "change_message": "[{\"changed\": {\"fields\": [\"name\", \"price\", \"machines\", \"domains\"]}}]"
  }
},
{
  "model": "admin.logentry",
  "pk": 599,
  "fields": {
    "action_time": "2018-03-08T11:06:01.034Z",
    "user": 2,
    "content_type": 27,
    "object_id": "13",
    "object_repr": "Payment object",
    "action_flag": 2,
    "change_message": "[{\"changed\": {\"fields\": [\"start_time\", \"end_time\"]}}]"
  }
},
{
  "model": "admin.logentry",
  "pk": 600,
  "fields": {
    "action_time": "2018-03-08T11:08:25.733Z",
    "user": 2,
    "content_type": 27,
    "object_id": "14",
    "object_repr": "Payment object",
    "action_flag": 1,
    "change_message": "[{\"added\": {}}]"
  }
},
{
  "model": "admin.logentry",
  "pk": 601,
  "fields": {
    "action_time": "2018-03-08T11:08:35.368Z",
    "user": 2,
    "content_type": 27,
    "object_id": "14",
    "object_repr": "Payment object",
    "action_flag": 2,
    "change_message": "[{\"changed\": {\"fields\": [\"customer\"]}}]"
  }
},
{
  "model": "admin.logentry",
  "pk": 602,
  "fields": {
    "action_time": "2018-03-08T11:11:09.750Z",
    "user": 2,
    "content_type": 26,
    "object_id": "14",
    "object_repr": "Consorzio Ambulanti Toscana",
    "action_flag": 1,
    "change_message": "[{\"added\": {}}]"
  }
},
{
  "model": "admin.logentry",
  "pk": 603,
  "fields": {
    "action_time": "2018-03-08T11:12:57.776Z",
    "user": 2,
    "content_type": 27,
    "object_id": "15",
    "object_repr": "Payment object",
    "action_flag": 1,
    "change_message": "[{\"added\": {}}]"
  }
},
{
  "model": "admin.logentry",
  "pk": 604,
  "fields": {
    "action_time": "2018-03-08T11:17:28.031Z",
    "user": 2,
    "content_type": 27,
    "object_id": "15",
    "object_repr": "Payment object",
    "action_flag": 2,
    "change_message": "[{\"changed\": {\"fields\": [\"month\"]}}]"
  }
},
{
  "model": "admin.logentry",
  "pk": 605,
  "fields": {
    "action_time": "2018-03-08T11:17:34.032Z",
    "user": 2,
    "content_type": 27,
    "object_id": "14",
    "object_repr": "Payment object",
    "action_flag": 2,
    "change_message": "[{\"changed\": {\"fields\": [\"month\"]}}]"
  }
},
{
  "model": "admin.logentry",
  "pk": 606,
  "fields": {
    "action_time": "2018-03-08T11:17:44.898Z",
    "user": 2,
    "content_type": 27,
    "object_id": "13",
    "object_repr": "Payment object",
    "action_flag": 2,
    "change_message": "[{\"changed\": {\"fields\": [\"month\"]}}]"
  }
},
{
  "model": "admin.logentry",
  "pk": 607,
  "fields": {
    "action_time": "2018-03-08T11:18:25.194Z",
    "user": 2,
    "content_type": 27,
    "object_id": "12",
    "object_repr": "Payment object",
    "action_flag": 2,
    "change_message": "[{\"changed\": {\"fields\": [\"end_time\"]}}]"
  }
},
{
  "model": "admin.logentry",
  "pk": 608,
  "fields": {
    "action_time": "2018-03-08T11:18:31.941Z",
    "user": 2,
    "content_type": 27,
    "object_id": "12",
    "object_repr": "Payment object",
    "action_flag": 2,
    "change_message": "[{\"changed\": {\"fields\": [\"month\"]}}]"
  }
},
{
  "model": "admin.logentry",
  "pk": 609,
  "fields": {
    "action_time": "2018-03-08T11:18:39.478Z",
    "user": 2,
    "content_type": 27,
    "object_id": "11",
    "object_repr": "Payment object",
    "action_flag": 2,
    "change_message": "[{\"changed\": {\"fields\": [\"month\"]}}]"
  }
},
{
  "model": "admin.logentry",
  "pk": 610,
  "fields": {
    "action_time": "2018-03-08T11:18:51.799Z",
    "user": 2,
    "content_type": 27,
    "object_id": "10",
    "object_repr": "Payment object",
    "action_flag": 2,
    "change_message": "[{\"changed\": {\"fields\": [\"month\"]}}]"
  }
},
{
  "model": "admin.logentry",
  "pk": 611,
  "fields": {
    "action_time": "2018-03-08T11:18:59.494Z",
    "user": 2,
    "content_type": 27,
    "object_id": "9",
    "object_repr": "Payment object",
    "action_flag": 2,
    "change_message": "[{\"changed\": {\"fields\": [\"month\"]}}]"
  }
},
{
  "model": "admin.logentry",
  "pk": 612,
  "fields": {
    "action_time": "2018-03-08T11:19:06.310Z",
    "user": 2,
    "content_type": 27,
    "object_id": "7",
    "object_repr": "Payment object",
    "action_flag": 2,
    "change_message": "[{\"changed\": {\"fields\": [\"month\"]}}]"
  }
},
{
  "model": "admin.logentry",
  "pk": 613,
  "fields": {
    "action_time": "2018-03-08T11:19:12.939Z",
    "user": 2,
    "content_type": 27,
    "object_id": "6",
    "object_repr": "Payment object",
    "action_flag": 2,
    "change_message": "[{\"changed\": {\"fields\": [\"month\"]}}]"
  }
},
{
  "model": "admin.logentry",
  "pk": 614,
  "fields": {
    "action_time": "2018-03-08T11:19:19.171Z",
    "user": 2,
    "content_type": 27,
    "object_id": "5",
    "object_repr": "Payment object",
    "action_flag": 2,
    "change_message": "[{\"changed\": {\"fields\": [\"month\"]}}]"
  }
},
{
  "model": "admin.logentry",
  "pk": 615,
  "fields": {
    "action_time": "2018-03-08T11:21:30.193Z",
    "user": 2,
    "content_type": 27,
    "object_id": "16",
    "object_repr": "Payment object",
    "action_flag": 1,
    "change_message": "[{\"added\": {}}]"
  }
},
{
  "model": "admin.logentry",
  "pk": 616,
  "fields": {
    "action_time": "2018-03-08T11:21:44.442Z",
    "user": 2,
    "content_type": 26,
    "object_id": "15",
    "object_repr": "Roberto Bartoli",
    "action_flag": 1,
    "change_message": "[{\"added\": {}}]"
  }
},
{
  "model": "admin.logentry",
  "pk": 617,
  "fields": {
    "action_time": "2018-03-08T11:21:56.217Z",
    "user": 2,
    "content_type": 27,
    "object_id": "16",
    "object_repr": "Payment object",
    "action_flag": 2,
    "change_message": "[{\"changed\": {\"fields\": [\"customer\"]}}]"
  }
},
{
  "model": "admin.logentry",
  "pk": 618,
  "fields": {
    "action_time": "2018-03-08T11:22:13.098Z",
    "user": 2,
    "content_type": 27,
    "object_id": "16",
    "object_repr": "Payment object",
    "action_flag": 2,
    "change_message": "[{\"changed\": {\"fields\": [\"end_time\"]}}]"
  }
},
{
  "model": "admin.logentry",
  "pk": 619,
  "fields": {
    "action_time": "2018-03-08T11:23:41.628Z",
    "user": 2,
    "content_type": 26,
    "object_id": "16",
    "object_repr": "uapc",
    "action_flag": 1,
    "change_message": "[{\"added\": {}}]"
  }
},
{
  "model": "admin.logentry",
  "pk": 620,
  "fields": {
    "action_time": "2018-03-08T11:25:20.037Z",
    "user": 2,
    "content_type": 27,
    "object_id": "17",
    "object_repr": "Payment object",
    "action_flag": 1,
    "change_message": "[{\"added\": {}}]"
  }
},
{
  "model": "admin.logentry",
  "pk": 621,
  "fields": {
    "action_time": "2018-03-08T11:26:06.084Z",
    "user": 2,
    "content_type": 27,
    "object_id": "2",
    "object_repr": "Payment object",
    "action_flag": 2,
    "change_message": "[{\"changed\": {\"fields\": [\"month\"]}}]"
  }
},
{
  "model": "admin.logentry",
  "pk": 622,
  "fields": {
    "action_time": "2018-03-08T11:26:16.112Z",
    "user": 2,
    "content_type": 27,
    "object_id": "1",
    "object_repr": "Payment object",
    "action_flag": 2,
    "change_message": "[{\"changed\": {\"fields\": [\"month\"]}}]"
  }
},
{
  "model": "admin.logentry",
  "pk": 623,
  "fields": {
    "action_time": "2018-03-08T11:33:01.579Z",
    "user": 2,
    "content_type": 26,
    "object_id": "17",
    "object_repr": "valeria Cancedda",
    "action_flag": 1,
    "change_message": "[{\"added\": {}}]"
  }
},
{
  "model": "admin.logentry",
  "pk": 624,
  "fields": {
    "action_time": "2018-03-08T11:34:51.538Z",
    "user": 2,
    "content_type": 27,
    "object_id": "18",
    "object_repr": "Payment object",
    "action_flag": 1,
    "change_message": "[{\"added\": {}}]"
  }
},
{
  "model": "admin.logentry",
  "pk": 625,
  "fields": {
    "action_time": "2018-03-08T11:38:17.648Z",
    "user": 2,
    "content_type": 27,
    "object_id": "19",
    "object_repr": "Payment object",
    "action_flag": 1,
    "change_message": "[{\"added\": {}}]"
  }
},
{
  "model": "admin.logentry",
  "pk": 626,
  "fields": {
    "action_time": "2018-03-08T13:53:50.665Z",
    "user": 2,
    "content_type": 26,
    "object_id": "18",
    "object_repr": "Marco Chistolini",
    "action_flag": 1,
    "change_message": "[{\"added\": {}}]"
  }
},
{
  "model": "admin.logentry",
  "pk": 627,
  "fields": {
    "action_time": "2018-03-08T13:56:56.687Z",
    "user": 2,
    "content_type": 27,
    "object_id": "20",
    "object_repr": "Payment object",
    "action_flag": 1,
    "change_message": "[{\"added\": {}}]"
  }
},
{
  "model": "admin.logentry",
  "pk": 628,
  "fields": {
    "action_time": "2018-03-08T13:58:00.632Z",
    "user": 2,
    "content_type": 26,
    "object_id": "19",
    "object_repr": "Tenco",
    "action_flag": 1,
    "change_message": "[{\"added\": {}}]"
  }
},
{
  "model": "admin.logentry",
  "pk": 629,
  "fields": {
    "action_time": "2018-03-08T14:05:26.225Z",
    "user": 2,
    "content_type": 27,
    "object_id": "21",
    "object_repr": "Payment object",
    "action_flag": 1,
    "change_message": "[{\"added\": {}}]"
  }
},
{
  "model": "admin.logentry",
  "pk": 630,
  "fields": {
    "action_time": "2018-03-08T14:05:36.734Z",
    "user": 2,
    "content_type": 27,
    "object_id": "21",
    "object_repr": "Payment object",
    "action_flag": 2,
    "change_message": "[{\"changed\": {\"fields\": [\"paid\"]}}]"
  }
},
{
  "model": "admin.logentry",
  "pk": 631,
  "fields": {
    "action_time": "2018-03-08T14:09:38.053Z",
    "user": 2,
    "content_type": 26,
    "object_id": "20",
    "object_repr": "Spark and water",
    "action_flag": 1,
    "change_message": "[{\"added\": {}}]"
  }
},
{
  "model": "admin.logentry",
  "pk": 632,
  "fields": {
    "action_time": "2018-03-08T14:10:55.337Z",
    "user": 2,
    "content_type": 27,
    "object_id": "22",
    "object_repr": "Payment object",
    "action_flag": 1,
    "change_message": "[{\"added\": {}}]"
  }
},
{
  "model": "admin.logentry",
  "pk": 633,
  "fields": {
    "action_time": "2018-03-08T14:13:43.951Z",
    "user": 2,
    "content_type": 26,
    "object_id": "21",
    "object_repr": "rmutt1917",
    "action_flag": 1,
    "change_message": "[{\"added\": {}}]"
  }
},
{
  "model": "admin.logentry",
  "pk": 634,
  "fields": {
    "action_time": "2018-03-08T14:24:10.072Z",
    "user": 2,
    "content_type": 27,
    "object_id": "23",
    "object_repr": "Payment object",
    "action_flag": 1,
    "change_message": "[{\"added\": {}}]"
  }
},
{
  "model": "admin.logentry",
  "pk": 635,
  "fields": {
    "action_time": "2018-03-09T11:17:33.822Z",
    "user": 2,
    "content_type": 21,
    "object_id": "158",
    "object_repr": "ciccarelliblogger.com",
    "action_flag": 2,
    "change_message": "[{\"changed\": {\"fields\": [\"end_time\"]}}]"
  }
},
{
  "model": "admin.logentry",
  "pk": 636,
  "fields": {
    "action_time": "2018-03-09T11:18:39.736Z",
    "user": 2,
    "content_type": 21,
    "object_id": "181",
    "object_repr": "slowfootmilano.com",
    "action_flag": 2,
    "change_message": "[{\"changed\": {\"fields\": [\"name\"]}}]"
  }
},
{
  "model": "admin.logentry",
  "pk": 637,
  "fields": {
    "action_time": "2018-03-12T11:47:11.270Z",
    "user": 2,
    "content_type": 21,
    "object_id": "37",
    "object_repr": "artshopgallery.it",
    "action_flag": 2,
    "change_message": "[{\"changed\": {\"fields\": [\"end_time\"]}}]"
  }
},
{
  "model": "admin.logentry",
  "pk": 638,
  "fields": {
    "action_time": "2018-03-12T11:48:07.378Z",
    "user": 2,
    "content_type": 21,
    "object_id": "20",
    "object_repr": "alessandrofini.com",
    "action_flag": 2,
    "change_message": "[{\"changed\": {\"fields\": [\"end_time\"]}}]"
  }
},
{
  "model": "admin.logentry",
  "pk": 639,
  "fields": {
    "action_time": "2018-03-12T11:48:15.368Z",
    "user": 2,
    "content_type": 21,
    "object_id": "21",
    "object_repr": "alessandrofini.it",
    "action_flag": 2,
    "change_message": "[{\"changed\": {\"fields\": [\"end_time\"]}}]"
  }
},
{
  "model": "admin.logentry",
  "pk": 640,
  "fields": {
    "action_time": "2018-03-12T11:58:51.669Z",
    "user": 2,
    "content_type": 27,
    "object_id": "6",
    "object_repr": "Payment object",
    "action_flag": 2,
    "change_message": "[{\"changed\": {\"fields\": [\"paid\"]}}]"
  }
},
{
  "model": "admin.logentry",
  "pk": 641,
  "fields": {
    "action_time": "2018-03-12T11:59:01.230Z",
    "user": 2,
    "content_type": 27,
    "object_id": "7",
    "object_repr": "Payment object",
    "action_flag": 2,
    "change_message": "[{\"changed\": {\"fields\": [\"paid\"]}}]"
  }
},
{
  "model": "admin.logentry",
  "pk": 642,
  "fields": {
    "action_time": "2018-03-12T12:00:25.636Z",
    "user": 2,
    "content_type": 27,
    "object_id": "5",
    "object_repr": "Payment object",
    "action_flag": 2,
    "change_message": "[{\"changed\": {\"fields\": [\"paid\"]}}]"
  }
},
{
  "model": "admin.logentry",
  "pk": 643,
  "fields": {
    "action_time": "2018-03-12T12:05:34.038Z",
    "user": 2,
    "content_type": 21,
    "object_id": "19",
    "object_repr": "agriturismoamedea.it",
    "action_flag": 2,
    "change_message": "[{\"changed\": {\"fields\": [\"end_time\"]}}]"
  }
},
{
  "model": "admin.logentry",
  "pk": 644,
  "fields": {
    "action_time": "2018-03-12T12:10:20.793Z",
    "user": 2,
    "content_type": 21,
    "object_id": "72",
    "object_repr": "gymnasiumspaziodonna.it",
    "action_flag": 2,
    "change_message": "[{\"changed\": {\"fields\": [\"end_time\"]}}]"
  }
},
{
  "model": "admin.logentry",
  "pk": 645,
  "fields": {
    "action_time": "2018-03-13T10:00:16.522Z",
    "user": 2,
    "content_type": 23,
    "object_id": "1",
    "object_repr": "ciccarelli.it",
    "action_flag": 1,
    "change_message": "[{\"added\": {}}]"
  }
},
{
  "model": "admin.logentry",
  "pk": 646,
  "fields": {
    "action_time": "2018-03-13T10:01:04.544Z",
    "user": 2,
    "content_type": 23,
    "object_id": "2",
    "object_repr": "ceradicupra.it",
    "action_flag": 1,
    "change_message": "[{\"added\": {}}]"
  }
},
{
  "model": "admin.logentry",
  "pk": 647,
  "fields": {
    "action_time": "2018-03-13T10:01:51.035Z",
    "user": 2,
    "content_type": 23,
    "object_id": "3",
    "object_repr": "pastadelcapitano.it",
    "action_flag": 1,
    "change_message": "[{\"added\": {}}]"
  }
},
{
  "model": "admin.logentry",
  "pk": 648,
  "fields": {
    "action_time": "2018-03-13T10:02:48.867Z",
    "user": 2,
    "content_type": 23,
    "object_id": "4",
    "object_repr": "timodore.it",
    "action_flag": 1,
    "change_message": "[{\"added\": {}}]"
  }
},
{
  "model": "admin.logentry",
  "pk": 649,
  "fields": {
    "action_time": "2018-03-13T10:05:11.551Z",
    "user": 2,
    "content_type": 23,
    "object_id": "5",
    "object_repr": "capitano1905.com",
    "action_flag": 1,
    "change_message": "[{\"added\": {}}]"
  }
},
{
  "model": "admin.logentry",
  "pk": 650,
  "fields": {
    "action_time": "2018-03-13T10:09:59.306Z",
    "user": 2,
    "content_type": 23,
    "object_id": "6",
    "object_repr": "cupramilano.com",
    "action_flag": 1,
    "change_message": "[{\"added\": {}}]"
  }
},
{
  "model": "admin.logentry",
  "pk": 651,
  "fields": {
    "action_time": "2018-03-13T10:11:21.741Z",
    "user": 2,
    "content_type": 23,
    "object_id": "7",
    "object_repr": "ciccarelliblogger.it",
    "action_flag": 1,
    "change_message": "[{\"added\": {}}]"
  }
},
{
  "model": "admin.logentry",
  "pk": 652,
  "fields": {
    "action_time": "2018-03-13T10:12:12.678Z",
    "user": 2,
    "content_type": 23,
    "object_id": "8",
    "object_repr": "declaril.it",
    "action_flag": 1,
    "change_message": "[{\"added\": {}}]"
  }
},
{
  "model": "admin.logentry",
  "pk": 653,
  "fields": {
    "action_time": "2018-03-13T10:12:43.506Z",
    "user": 2,
    "content_type": 23,
    "object_id": "9",
    "object_repr": "intiley.it",
    "action_flag": 1,
    "change_message": "[{\"added\": {}}]"
  }
},
{
  "model": "admin.logentry",
  "pk": 654,
  "fields": {
    "action_time": "2018-03-13T10:14:01.087Z",
    "user": 2,
    "content_type": 23,
    "object_id": "10",
    "object_repr": "sosciccarelli.it",
    "action_flag": 1,
    "change_message": "[{\"added\": {}}]"
  }
},
{
  "model": "admin.logentry",
  "pk": 655,
  "fields": {
    "action_time": "2018-03-13T10:37:03.900Z",
    "user": 2,
    "content_type": 23,
    "object_id": "11",
    "object_repr": "lotrek.it",
    "action_flag": 1,
    "change_message": "[{\"added\": {}}]"
  }
},
{
  "model": "admin.logentry",
  "pk": 656,
  "fields": {
    "action_time": "2018-03-13T10:44:34.898Z",
    "user": 2,
    "content_type": 23,
    "object_id": "10",
    "object_repr": "sosciccarelli.it",
    "action_flag": 2,
    "change_message": "[{\"changed\": {\"fields\": [\"registrant\"]}}]"
  }
},
{
  "model": "admin.logentry",
  "pk": 657,
  "fields": {
    "action_time": "2018-03-13T10:44:41.139Z",
    "user": 2,
    "content_type": 23,
    "object_id": "9",
    "object_repr": "intiley.it",
    "action_flag": 2,
    "change_message": "[{\"changed\": {\"fields\": [\"registrant\"]}}]"
  }
},
{
  "model": "admin.logentry",
  "pk": 658,
  "fields": {
    "action_time": "2018-03-13T10:44:45.820Z",
    "user": 2,
    "content_type": 23,
    "object_id": "8",
    "object_repr": "declaril.it",
    "action_flag": 2,
    "change_message": "[{\"changed\": {\"fields\": [\"registrant\"]}}]"
  }
},
{
  "model": "admin.logentry",
  "pk": 659,
  "fields": {
    "action_time": "2018-03-13T10:44:54.527Z",
    "user": 2,
    "content_type": 23,
    "object_id": "7",
    "object_repr": "ciccarelliblogger.it",
    "action_flag": 2,
    "change_message": "[{\"changed\": {\"fields\": [\"registrant\"]}}]"
  }
},
{
  "model": "admin.logentry",
  "pk": 660,
  "fields": {
    "action_time": "2018-03-13T10:44:59.042Z",
    "user": 2,
    "content_type": 23,
    "object_id": "6",
    "object_repr": "cupramilano.com",
    "action_flag": 2,
    "change_message": "[{\"changed\": {\"fields\": [\"registrant\"]}}]"
  }
},
{
  "model": "admin.logentry",
  "pk": 661,
  "fields": {
    "action_time": "2018-03-13T10:45:03.392Z",
    "user": 2,
    "content_type": 23,
    "object_id": "5",
    "object_repr": "capitano1905.com",
    "action_flag": 2,
    "change_message": "[{\"changed\": {\"fields\": [\"registrant\"]}}]"
  }
},
{
  "model": "admin.logentry",
  "pk": 662,
  "fields": {
    "action_time": "2018-03-13T10:45:08.193Z",
    "user": 2,
    "content_type": 23,
    "object_id": "4",
    "object_repr": "timodore.it",
    "action_flag": 2,
    "change_message": "[{\"changed\": {\"fields\": [\"registrant\"]}}]"
  }
},
{
  "model": "admin.logentry",
  "pk": 663,
  "fields": {
    "action_time": "2018-03-13T10:45:12.400Z",
    "user": 2,
    "content_type": 23,
    "object_id": "3",
    "object_repr": "pastadelcapitano.it",
    "action_flag": 2,
    "change_message": "[{\"changed\": {\"fields\": [\"registrant\"]}}]"
  }
},
{
  "model": "admin.logentry",
  "pk": 664,
  "fields": {
    "action_time": "2018-03-13T10:45:19.088Z",
    "user": 2,
    "content_type": 23,
    "object_id": "2",
    "object_repr": "ceradicupra.it",
    "action_flag": 2,
    "change_message": "[{\"changed\": {\"fields\": [\"registrant\"]}}]"
  }
},
{
  "model": "admin.logentry",
  "pk": 665,
  "fields": {
    "action_time": "2018-03-13T10:45:23.079Z",
    "user": 2,
    "content_type": 23,
    "object_id": "1",
    "object_repr": "ciccarelli.it",
    "action_flag": 2,
    "change_message": "[{\"changed\": {\"fields\": [\"registrant\"]}}]"
  }
},
{
  "model": "admin.logentry",
  "pk": 666,
  "fields": {
    "action_time": "2018-03-13T13:47:54.419Z",
    "user": 2,
    "content_type": 26,
    "object_id": "22",
    "object_repr": "Lotrek s.c.rl",
    "action_flag": 1,
    "change_message": "[{\"added\": {}}]"
  }
},
{
  "model": "admin.logentry",
  "pk": 667,
  "fields": {
    "action_time": "2018-03-13T13:48:18.443Z",
    "user": 2,
    "content_type": 23,
    "object_id": "11",
    "object_repr": "lotrek.it",
    "action_flag": 2,
    "change_message": "[{\"changed\": {\"fields\": [\"customer\"]}}]"
  }
},
{
  "model": "admin.logentry",
  "pk": 668,
  "fields": {
    "action_time": "2018-03-13T15:22:43.310Z",
    "user": 2,
    "content_type": 21,
    "object_id": "198",
    "object_repr": "areascensori.it",
    "action_flag": 1,
    "change_message": "[{\"added\": {}}]"
  }
},
{
  "model": "admin.logentry",
  "pk": 669,
  "fields": {
    "action_time": "2018-03-13T15:24:10.339Z",
    "user": 2,
    "content_type": 22,
    "object_id": "6",
    "object_repr": "Aruba-lotrek",
    "action_flag": 1,
    "change_message": "[{\"added\": {}}]"
  }
},
{
  "model": "admin.logentry",
  "pk": 670,
  "fields": {
    "action_time": "2018-03-13T15:24:45.096Z",
    "user": 2,
    "content_type": 21,
    "object_id": "198",
    "object_repr": "areascensori.it",
    "action_flag": 2,
    "change_message": "[{\"changed\": {\"fields\": [\"own\", \"registar\"]}}]"
  }
},
{
  "model": "admin.logentry",
  "pk": 671,
  "fields": {
    "action_time": "2018-03-13T15:26:10.714Z",
    "user": 2,
    "content_type": 21,
    "object_id": "199",
    "object_repr": "pfgstyle.com",
    "action_flag": 1,
    "change_message": "[{\"added\": {}}]"
  }
},
{
  "model": "admin.logentry",
  "pk": 672,
  "fields": {
    "action_time": "2018-03-13T15:27:06.614Z",
    "user": 2,
    "content_type": 21,
    "object_id": "200",
    "object_repr": "theglossymag.com",
    "action_flag": 1,
    "change_message": "[{\"added\": {}}]"
  }
},
{
  "model": "admin.logentry",
  "pk": 673,
  "fields": {
    "action_time": "2018-03-13T15:28:19.905Z",
    "user": 2,
    "content_type": 21,
    "object_id": "132",
    "object_repr": "telodoioilweb.it",
    "action_flag": 2,
    "change_message": "[{\"changed\": {\"fields\": [\"to_renew\"]}}]"
  }
},
{
  "model": "admin.logentry",
  "pk": 674,
  "fields": {
    "action_time": "2018-03-13T15:45:15.592Z",
    "user": 2,
    "content_type": 21,
    "object_id": "94",
    "object_repr": "milofilms.it",
    "action_flag": 2,
    "change_message": "[{\"changed\": {\"fields\": [\"to_renew\"]}}]"
  }
},
{
  "model": "admin.logentry",
  "pk": 675,
  "fields": {
    "action_time": "2018-03-13T16:01:19.492Z",
    "user": 2,
    "content_type": 21,
    "object_id": "181",
    "object_repr": "slowfootmilano.com",
    "action_flag": 2,
    "change_message": "[{\"changed\": {\"fields\": [\"end_time\"]}}]"
  }
},
{
  "model": "admin.logentry",
  "pk": 676,
  "fields": {
    "action_time": "2018-03-13T17:01:44.491Z",
    "user": 2,
    "content_type": 23,
    "object_id": "12",
    "object_repr": "cuccioletti.it",
    "action_flag": 1,
    "change_message": "[{\"added\": {}}]"
  }
},
{
  "model": "admin.logentry",
  "pk": 677,
  "fields": {
    "action_time": "2018-03-14T11:18:22.381Z",
    "user": 2,
    "content_type": 19,
    "object_id": "9",
    "object_repr": "Server di Test",
    "action_flag": 2,
    "change_message": "[{\"changed\": {\"fields\": [\"end_time\"]}}]"
  }
},
{
  "model": "admin.logentry",
  "pk": 678,
  "fields": {
    "action_time": "2018-03-14T11:25:24.681Z",
    "user": 2,
    "content_type": 23,
    "object_id": "13",
    "object_repr": "ladredipiante.com",
    "action_flag": 1,
    "change_message": "[{\"added\": {}}]"
  }
},
{
  "model": "admin.logentry",
  "pk": 679,
  "fields": {
    "action_time": "2018-03-14T11:26:43.119Z",
    "user": 2,
    "content_type": 23,
    "object_id": "14",
    "object_repr": "elettrotecnicaagostiini.it",
    "action_flag": 1,
    "change_message": "[{\"added\": {}}]"
  }
},
{
  "model": "admin.logentry",
  "pk": 680,
  "fields": {
    "action_time": "2018-03-14T11:27:50.034Z",
    "user": 2,
    "content_type": 23,
    "object_id": "15",
    "object_repr": "coopagritur.com",
    "action_flag": 1,
    "change_message": "[{\"added\": {}}]"
  }
},
{
  "model": "admin.logentry",
  "pk": 681,
  "fields": {
    "action_time": "2018-03-14T11:29:57.257Z",
    "user": 2,
    "content_type": 23,
    "object_id": "16",
    "object_repr": "zoodipistoia.it",
    "action_flag": 1,
    "change_message": "[{\"added\": {}}]"
  }
},
{
  "model": "admin.logentry",
  "pk": 682,
  "fields": {
    "action_time": "2018-03-14T11:58:11.341Z",
    "user": 2,
    "content_type": 23,
    "object_id": "17",
    "object_repr": "sparkandwater.com",
    "action_flag": 1,
    "change_message": "[{\"added\": {}}]"
  }
},
{
  "model": "admin.logentry",
  "pk": 683,
  "fields": {
    "action_time": "2018-03-15T11:48:27.711Z",
    "user": 2,
    "content_type": 21,
    "object_id": "193",
    "object_repr": "zest.today",
    "action_flag": 2,
    "change_message": "[{\"changed\": {\"fields\": [\"end_time\"]}}]"
  }
},
{
  "model": "admin.logentry",
  "pk": 684,
  "fields": {
    "action_time": "2018-03-15T13:48:33.042Z",
    "user": 2,
    "content_type": 24,
    "object_id": "1",
    "object_repr": "namecheap-cutlite",
    "action_flag": 1,
    "change_message": "[{\"added\": {}}]"
  }
},
{
  "model": "admin.logentry",
  "pk": 685,
  "fields": {
    "action_time": "2018-03-15T13:49:52.011Z",
    "user": 2,
    "content_type": 24,
    "object_id": "2",
    "object_repr": "namecheap-lotrek",
    "action_flag": 1,
    "change_message": "[{\"added\": {}}]"
  }
},
{
  "model": "admin.logentry",
  "pk": 686,
  "fields": {
    "action_time": "2018-03-16T10:59:28.862Z",
    "user": 2,
    "content_type": 23,
    "object_id": "18",
    "object_repr": "amanuda.it",
    "action_flag": 1,
    "change_message": "[{\"added\": {}}]"
  }
},
{
  "model": "admin.logentry",
  "pk": 687,
  "fields": {
    "action_time": "2018-03-16T11:02:35.813Z",
    "user": 2,
    "content_type": 23,
    "object_id": "19",
    "object_repr": "baldiflex.it",
    "action_flag": 1,
    "change_message": "[{\"added\": {}}]"
  }
},
{
  "model": "admin.logentry",
  "pk": 688,
  "fields": {
    "action_time": "2018-03-16T11:03:20.499Z",
    "user": 2,
    "content_type": 27,
    "object_id": "4",
    "object_repr": "Payment object",
    "action_flag": 2,
    "change_message": "[{\"changed\": {\"fields\": [\"paid\"]}}]"
  }
},
{
  "model": "admin.logentry",
  "pk": 689,
  "fields": {
    "action_time": "2018-03-16T11:04:02.376Z",
    "user": 2,
    "content_type": 27,
    "object_id": "9",
    "object_repr": "Payment object",
    "action_flag": 2,
    "change_message": "[{\"changed\": {\"fields\": [\"paid\"]}}]"
  }
},
{
  "model": "admin.logentry",
  "pk": 690,
  "fields": {
    "action_time": "2018-03-16T11:08:58.208Z",
    "user": 2,
    "content_type": 27,
    "object_id": "24",
    "object_repr": "Payment object",
    "action_flag": 1,
    "change_message": "[{\"added\": {}}]"
  }
},
{
  "model": "admin.logentry",
  "pk": 691,
  "fields": {
    "action_time": "2018-03-16T11:09:19.754Z",
    "user": 2,
    "content_type": 26,
    "object_id": "23",
    "object_repr": "Monica Papagna",
    "action_flag": 1,
    "change_message": "[{\"added\": {}}]"
  }
},
{
  "model": "admin.logentry",
  "pk": 692,
  "fields": {
    "action_time": "2018-03-16T11:09:33.642Z",
    "user": 2,
    "content_type": 27,
    "object_id": "24",
    "object_repr": "Payment object",
    "action_flag": 2,
    "change_message": "[{\"changed\": {\"fields\": [\"customer\"]}}]"
  }
},
{
  "model": "admin.logentry",
  "pk": 693,
  "fields": {
    "action_time": "2018-03-16T11:09:54.324Z",
    "user": 2,
    "content_type": 27,
    "object_id": "23",
    "object_repr": "Payment object",
    "action_flag": 2,
    "change_message": "[{\"changed\": {\"fields\": [\"month\"]}}]"
  }
},
{
  "model": "admin.logentry",
  "pk": 694,
  "fields": {
    "action_time": "2018-03-16T11:10:52.795Z",
    "user": 2,
    "content_type": 27,
    "object_id": "25",
    "object_repr": "Payment object",
    "action_flag": 1,
    "change_message": "[{\"added\": {}}]"
  }
},
{
  "model": "admin.logentry",
  "pk": 695,
  "fields": {
    "action_time": "2018-03-16T11:12:23.557Z",
    "user": 2,
    "content_type": 27,
    "object_id": "26",
    "object_repr": "Payment object",
    "action_flag": 1,
    "change_message": "[{\"added\": {}}]"
  }
},
{
  "model": "admin.logentry",
  "pk": 696,
  "fields": {
    "action_time": "2018-03-16T11:16:37.413Z",
    "user": 2,
    "content_type": 27,
    "object_id": "26",
    "object_repr": "Payment object",
    "action_flag": 2,
    "change_message": "[{\"changed\": {\"fields\": [\"start_time\", \"end_time\", \"month\"]}}]"
  }
},
{
  "model": "admin.logentry",
  "pk": 697,
  "fields": {
    "action_time": "2018-03-16T11:19:40.608Z",
    "user": 2,
    "content_type": 27,
    "object_id": "27",
    "object_repr": "Payment object",
    "action_flag": 1,
    "change_message": "[{\"added\": {}}]"
  }
},
{
  "model": "admin.logentry",
  "pk": 698,
  "fields": {
    "action_time": "2018-03-16T11:21:51.317Z",
    "user": 2,
    "content_type": 27,
    "object_id": "28",
    "object_repr": "Payment object",
    "action_flag": 1,
    "change_message": "[{\"added\": {}}]"
  }
},
{
  "model": "admin.logentry",
  "pk": 699,
  "fields": {
    "action_time": "2018-03-16T11:25:20.579Z",
    "user": 2,
    "content_type": 27,
    "object_id": "29",
    "object_repr": "Payment object",
    "action_flag": 1,
    "change_message": "[{\"added\": {}}]"
  }
},
{
  "model": "admin.logentry",
  "pk": 700,
  "fields": {
    "action_time": "2018-03-16T11:29:55.676Z",
    "user": 2,
    "content_type": 27,
    "object_id": "30",
    "object_repr": "Payment object",
    "action_flag": 1,
    "change_message": "[{\"added\": {}}]"
  }
},
{
  "model": "admin.logentry",
  "pk": 701,
  "fields": {
    "action_time": "2018-03-16T11:32:08.983Z",
    "user": 2,
    "content_type": 27,
    "object_id": "31",
    "object_repr": "Payment object",
    "action_flag": 1,
    "change_message": "[{\"added\": {}}]"
  }
},
{
  "model": "admin.logentry",
  "pk": 702,
  "fields": {
    "action_time": "2018-03-16T11:32:53.688Z",
    "user": 2,
    "content_type": 27,
    "object_id": "29",
    "object_repr": "Payment object",
    "action_flag": 2,
    "change_message": "[{\"changed\": {\"fields\": [\"price\"]}}]"
  }
},
{
  "model": "admin.logentry",
  "pk": 703,
  "fields": {
    "action_time": "2018-03-16T11:34:24.228Z",
    "user": 2,
    "content_type": 27,
    "object_id": "32",
    "object_repr": "Payment object",
    "action_flag": 1,
    "change_message": "[{\"added\": {}}]"
  }
},
{
  "model": "admin.logentry",
  "pk": 704,
  "fields": {
    "action_time": "2018-03-16T11:41:06.371Z",
    "user": 2,
    "content_type": 27,
    "object_id": "33",
    "object_repr": "Payment object",
    "action_flag": 1,
    "change_message": "[{\"added\": {}}]"
  }
},
{
  "model": "admin.logentry",
  "pk": 705,
  "fields": {
    "action_time": "2018-03-16T11:42:25.477Z",
    "user": 2,
    "content_type": 27,
    "object_id": "34",
    "object_repr": "Payment object",
    "action_flag": 1,
    "change_message": "[{\"added\": {}}]"
  }
},
{
  "model": "admin.logentry",
  "pk": 706,
  "fields": {
    "action_time": "2018-03-16T11:43:58.897Z",
    "user": 2,
    "content_type": 27,
    "object_id": "35",
    "object_repr": "Payment object",
    "action_flag": 1,
    "change_message": "[{\"added\": {}}]"
  }
},
{
  "model": "admin.logentry",
  "pk": 707,
  "fields": {
    "action_time": "2018-03-16T11:45:15.359Z",
    "user": 2,
    "content_type": 27,
    "object_id": "36",
    "object_repr": "Payment object",
    "action_flag": 1,
    "change_message": "[{\"added\": {}}]"
  }
},
{
  "model": "admin.logentry",
  "pk": 708,
  "fields": {
    "action_time": "2018-03-16T11:48:34.429Z",
    "user": 2,
    "content_type": 27,
    "object_id": "37",
    "object_repr": "Payment object",
    "action_flag": 1,
    "change_message": "[{\"added\": {}}]"
  }
},
{
  "model": "admin.logentry",
  "pk": 709,
  "fields": {
    "action_time": "2018-03-16T11:51:19.101Z",
    "user": 2,
    "content_type": 27,
    "object_id": "38",
    "object_repr": "Payment object",
    "action_flag": 1,
    "change_message": "[{\"added\": {}}]"
  }
},
{
  "model": "admin.logentry",
  "pk": 710,
  "fields": {
    "action_time": "2018-03-16T11:54:41.756Z",
    "user": 2,
    "content_type": 27,
    "object_id": "39",
    "object_repr": "Payment object",
    "action_flag": 1,
    "change_message": "[{\"added\": {}}]"
  }
},
{
  "model": "admin.logentry",
  "pk": 711,
  "fields": {
    "action_time": "2018-03-16T11:56:00.806Z",
    "user": 2,
    "content_type": 27,
    "object_id": "40",
    "object_repr": "Payment object",
    "action_flag": 1,
    "change_message": "[{\"added\": {}}]"
  }
},
{
  "model": "admin.logentry",
  "pk": 712,
  "fields": {
    "action_time": "2018-03-16T11:57:26.824Z",
    "user": 2,
    "content_type": 27,
    "object_id": "41",
    "object_repr": "Payment object",
    "action_flag": 1,
    "change_message": "[{\"added\": {}}]"
  }
},
{
  "model": "admin.logentry",
  "pk": 713,
  "fields": {
    "action_time": "2018-03-16T12:12:32.379Z",
    "user": 2,
    "content_type": 27,
    "object_id": "42",
    "object_repr": "Payment object",
    "action_flag": 1,
    "change_message": "[{\"added\": {}}]"
  }
},
{
  "model": "admin.logentry",
  "pk": 714,
  "fields": {
    "action_time": "2018-03-16T12:13:07.995Z",
    "user": 2,
    "content_type": 27,
    "object_id": "31",
    "object_repr": "Payment object",
    "action_flag": 2,
    "change_message": "[{\"changed\": {\"fields\": [\"start_time\", \"end_time\"]}}]"
  }
},
{
  "model": "admin.logentry",
  "pk": 715,
  "fields": {
    "action_time": "2018-03-16T12:16:39.461Z",
    "user": 2,
    "content_type": 27,
    "object_id": "43",
    "object_repr": "Payment object",
    "action_flag": 1,
    "change_message": "[{\"added\": {}}]"
  }
},
{
  "model": "admin.logentry",
  "pk": 716,
  "fields": {
    "action_time": "2018-03-16T16:02:58.101Z",
    "user": 2,
    "content_type": 21,
    "object_id": "132",
    "object_repr": "telodoioilweb.it",
    "action_flag": 2,
    "change_message": "[]"
  }
},
{
  "model": "admin.logentry",
  "pk": 717,
  "fields": {
    "action_time": "2018-03-16T16:10:05.365Z",
    "user": 2,
    "content_type": 21,
    "object_id": "132",
    "object_repr": "telodoioilweb.it",
    "action_flag": 2,
    "change_message": "[]"
  }
},
{
  "model": "admin.logentry",
  "pk": 718,
  "fields": {
    "action_time": "2018-03-16T16:14:18.553Z",
    "user": 2,
    "content_type": 21,
    "object_id": "132",
    "object_repr": "telodoioilweb.it",
    "action_flag": 2,
    "change_message": "[]"
  }
},
{
  "model": "admin.logentry",
  "pk": 719,
  "fields": {
    "action_time": "2018-03-16T16:15:11.373Z",
    "user": 2,
    "content_type": 21,
    "object_id": "132",
    "object_repr": "telodoioilweb.it",
    "action_flag": 2,
    "change_message": "[]"
  }
},
{
  "model": "admin.logentry",
  "pk": 720,
  "fields": {
    "action_time": "2018-03-16T16:16:55.816Z",
    "user": 2,
    "content_type": 21,
    "object_id": "132",
    "object_repr": "telodoioilweb.it",
    "action_flag": 2,
    "change_message": "[]"
  }
},
{
  "model": "admin.logentry",
  "pk": 721,
  "fields": {
    "action_time": "2018-03-16T16:17:40.902Z",
    "user": 2,
    "content_type": 21,
    "object_id": "132",
    "object_repr": "telodoioilweb.it",
    "action_flag": 2,
    "change_message": "[]"
  }
},
{
  "model": "admin.logentry",
  "pk": 722,
  "fields": {
    "action_time": "2018-03-16T16:19:42.451Z",
    "user": 2,
    "content_type": 21,
    "object_id": "94",
    "object_repr": "milofilms.it",
    "action_flag": 2,
    "change_message": "[]"
  }
},
{
  "model": "admin.logentry",
  "pk": 723,
  "fields": {
    "action_time": "2018-03-16T16:25:20.823Z",
    "user": 2,
    "content_type": 21,
    "object_id": "132",
    "object_repr": "telodoioilweb.it",
    "action_flag": 2,
    "change_message": "[]"
  }
},
{
  "model": "admin.logentry",
  "pk": 724,
  "fields": {
    "action_time": "2018-03-16T16:25:36.344Z",
    "user": 2,
    "content_type": 21,
    "object_id": "145",
    "object_repr": "web-agency.tv",
    "action_flag": 2,
    "change_message": "[]"
  }
},
{
  "model": "admin.logentry",
  "pk": 725,
  "fields": {
    "action_time": "2018-03-16T16:27:59.203Z",
    "user": 2,
    "content_type": 21,
    "object_id": "145",
    "object_repr": "web-agency.tv",
    "action_flag": 2,
    "change_message": "[]"
  }
},
{
  "model": "admin.logentry",
  "pk": 726,
  "fields": {
    "action_time": "2018-03-16T16:28:59.506Z",
    "user": 2,
    "content_type": 21,
    "object_id": "145",
    "object_repr": "web-agency.tv",
    "action_flag": 2,
    "change_message": "[]"
  }
},
{
  "model": "admin.logentry",
  "pk": 727,
  "fields": {
    "action_time": "2018-03-16T16:31:30.532Z",
    "user": 2,
    "content_type": 21,
    "object_id": "132",
    "object_repr": "telodoioilweb.it",
    "action_flag": 2,
    "change_message": "[]"
  }
},
{
  "model": "admin.logentry",
  "pk": 728,
  "fields": {
    "action_time": "2018-03-16T16:35:05.860Z",
    "user": 2,
    "content_type": 21,
    "object_id": "145",
    "object_repr": "web-agency.tv",
    "action_flag": 2,
    "change_message": "[]"
  }
},
{
  "model": "admin.logentry",
  "pk": 729,
  "fields": {
    "action_time": "2018-03-16T16:38:43.903Z",
    "user": 2,
    "content_type": 21,
    "object_id": "145",
    "object_repr": "web-agency.tv",
    "action_flag": 2,
    "change_message": "[]"
  }
},
{
  "model": "admin.logentry",
  "pk": 730,
  "fields": {
    "action_time": "2018-03-16T16:39:54.243Z",
    "user": 2,
    "content_type": 21,
    "object_id": "145",
    "object_repr": "web-agency.tv",
    "action_flag": 2,
    "change_message": "[]"
  }
},
{
  "model": "admin.logentry",
  "pk": 731,
  "fields": {
    "action_time": "2018-03-16T16:46:00.639Z",
    "user": 2,
    "content_type": 21,
    "object_id": "145",
    "object_repr": "web-agency.tv",
    "action_flag": 2,
    "change_message": "[]"
  }
},
{
  "model": "admin.logentry",
  "pk": 732,
  "fields": {
    "action_time": "2018-03-16T16:49:12.312Z",
    "user": 2,
    "content_type": 21,
    "object_id": "198",
    "object_repr": "areascensori.it",
    "action_flag": 2,
    "change_message": "[]"
  }
},
{
  "model": "admin.logentry",
  "pk": 733,
  "fields": {
    "action_time": "2018-03-16T16:52:17.758Z",
    "user": 2,
    "content_type": 21,
    "object_id": "198",
    "object_repr": "areascensori.it",
    "action_flag": 2,
    "change_message": "[]"
  }
},
{
  "model": "admin.logentry",
  "pk": 734,
  "fields": {
    "action_time": "2018-03-16T17:00:47.843Z",
    "user": 2,
    "content_type": 21,
    "object_id": "198",
    "object_repr": "areascensori.it",
    "action_flag": 2,
    "change_message": "[{\"changed\": {\"fields\": [\"calendar_id\"]}}]"
  }
},
{
  "model": "admin.logentry",
  "pk": 735,
  "fields": {
    "action_time": "2018-03-16T17:03:21.951Z",
    "user": 2,
    "content_type": 21,
    "object_id": "198",
    "object_repr": "areascensori.it",
    "action_flag": 2,
    "change_message": "[]"
  }
},
{
  "model": "admin.logentry",
  "pk": 736,
  "fields": {
    "action_time": "2018-03-16T17:04:00.868Z",
    "user": 2,
    "content_type": 21,
    "object_id": "198",
    "object_repr": "areascensori.it",
    "action_flag": 2,
    "change_message": "[{\"changed\": {\"fields\": [\"end_time\"]}}]"
  }
},
{
  "model": "admin.logentry",
  "pk": 737,
  "fields": {
    "action_time": "2018-03-16T17:04:18.585Z",
    "user": 2,
    "content_type": 21,
    "object_id": "198",
    "object_repr": "areascensori.it",
    "action_flag": 2,
    "change_message": "[]"
  }
},
{
  "model": "admin.logentry",
  "pk": 738,
  "fields": {
    "action_time": "2018-03-16T17:05:09.688Z",
    "user": 2,
    "content_type": 21,
    "object_id": "198",
    "object_repr": "areascensori.it",
    "action_flag": 2,
    "change_message": "[{\"changed\": {\"fields\": [\"end_time\"]}}]"
  }
},
{
  "model": "admin.logentry",
  "pk": 739,
  "fields": {
    "action_time": "2018-03-16T17:18:37.935Z",
    "user": 2,
    "content_type": 21,
    "object_id": "198",
    "object_repr": "areascensori.it",
    "action_flag": 2,
    "change_message": "[]"
  }
},
{
  "model": "admin.logentry",
  "pk": 740,
  "fields": {
    "action_time": "2018-03-16T17:19:26.398Z",
    "user": 2,
    "content_type": 19,
    "object_id": "6",
    "object_repr": "Mega server Ovh",
    "action_flag": 2,
    "change_message": "[]"
  }
},
{
  "model": "admin.logentry",
  "pk": 741,
  "fields": {
    "action_time": "2018-03-16T17:47:54.825Z",
    "user": 2,
    "content_type": 23,
    "object_id": "10",
    "object_repr": "sosciccarelli.it",
    "action_flag": 2,
    "change_message": "[]"
  }
},
{
  "model": "admin.logentry",
  "pk": 742,
  "fields": {
    "action_time": "2018-03-16T18:15:23.568Z",
    "user": 2,
    "content_type": 21,
    "object_id": "11",
    "object_repr": "pistonfillers.it",
    "action_flag": 2,
    "change_message": "[]"
  }
},
{
  "model": "admin.logentry",
  "pk": 743,
  "fields": {
    "action_time": "2018-03-17T15:04:27.456Z",
    "user": 1,
    "content_type": 21,
    "object_id": "200",
    "object_repr": "theglossymag.com",
    "action_flag": 2,
    "change_message": "[]"
  }
},
{
  "model": "admin.logentry",
  "pk": 744,
  "fields": {
    "action_time": "2018-03-17T15:08:04.579Z",
    "user": 1,
    "content_type": 21,
    "object_id": "200",
    "object_repr": "theglossymag.com",
    "action_flag": 2,
    "change_message": "[]"
  }
},
{
  "model": "admin.logentry",
  "pk": 745,
  "fields": {
    "action_time": "2018-03-17T15:08:39.914Z",
    "user": 1,
    "content_type": 21,
    "object_id": "187",
    "object_repr": "sospelle.com",
    "action_flag": 2,
    "change_message": "[]"
  }
},
{
  "model": "admin.logentry",
  "pk": 746,
  "fields": {
    "action_time": "2018-03-17T15:28:23.415Z",
    "user": 1,
    "content_type": 19,
    "object_id": "4",
    "object_repr": "CuccioLadre",
    "action_flag": 2,
    "change_message": "[]"
  }
},
{
  "model": "admin.logentry",
  "pk": 747,
  "fields": {
    "action_time": "2018-03-17T15:28:34.676Z",
    "user": 1,
    "content_type": 21,
    "object_id": "177",
    "object_repr": "rigeneraeproteggi.it",
    "action_flag": 2,
    "change_message": "[]"
  }
},
{
  "model": "admin.logentry",
  "pk": 748,
  "fields": {
    "action_time": "2018-03-17T15:28:50.048Z",
    "user": 1,
    "content_type": 21,
    "object_id": "75",
    "object_repr": "immobiliarepistoiese.it",
    "action_flag": 2,
    "change_message": "[]"
  }
},
{
  "model": "admin.logentry",
  "pk": 749,
  "fields": {
    "action_time": "2018-03-17T16:56:06.809Z",
    "user": 1,
    "content_type": 21,
    "object_id": "145",
    "object_repr": "web-agency.tv",
    "action_flag": 2,
    "change_message": "[{\"changed\": {\"fields\": [\"end_time\"]}}]"
  }
},
{
  "model": "admin.logentry",
  "pk": 750,
  "fields": {
    "action_time": "2018-03-17T17:12:22.014Z",
    "user": 1,
    "content_type": 19,
    "object_id": "6",
    "object_repr": "Mega server Ovh",
    "action_flag": 2,
    "change_message": "[]"
  }
},
{
  "model": "admin.logentry",
  "pk": 751,
  "fields": {
    "action_time": "2018-03-17T17:13:01.306Z",
    "user": 1,
    "content_type": 19,
    "object_id": "6",
    "object_repr": "Mega server Ovh",
    "action_flag": 2,
    "change_message": "[]"
  }
},
{
  "model": "admin.logentry",
  "pk": 752,
  "fields": {
    "action_time": "2018-03-17T17:32:22.596Z",
    "user": 1,
    "content_type": 27,
    "object_id": "7",
    "object_repr": "Payment object",
    "action_flag": 2,
    "change_message": "[]"
  }
},
{
  "model": "admin.logentry",
  "pk": 753,
  "fields": {
    "action_time": "2018-03-17T17:33:02.327Z",
    "user": 1,
    "content_type": 27,
    "object_id": "21",
    "object_repr": "Payment object",
    "action_flag": 2,
    "change_message": "[]"
  }
},
{
  "model": "admin.logentry",
  "pk": 754,
  "fields": {
    "action_time": "2018-03-17T17:33:25.608Z",
    "user": 1,
    "content_type": 27,
    "object_id": "21",
    "object_repr": "Payment object",
    "action_flag": 2,
    "change_message": "[]"
  }
},
{
  "model": "admin.logentry",
  "pk": 755,
  "fields": {
    "action_time": "2018-03-17T17:35:17.117Z",
    "user": 1,
    "content_type": 27,
    "object_id": "21",
    "object_repr": "Payment object",
    "action_flag": 2,
    "change_message": "[]"
  }
},
{
  "model": "admin.logentry",
  "pk": 756,
  "fields": {
    "action_time": "2018-03-17T17:35:45.207Z",
    "user": 1,
    "content_type": 27,
    "object_id": "21",
    "object_repr": "Payment object",
    "action_flag": 2,
    "change_message": "[]"
  }
},
{
  "model": "admin.logentry",
  "pk": 757,
  "fields": {
    "action_time": "2018-03-17T17:36:50.069Z",
    "user": 1,
    "content_type": 27,
    "object_id": "21",
    "object_repr": "Payment object",
    "action_flag": 2,
    "change_message": "[]"
  }
},
{
  "model": "admin.logentry",
  "pk": 758,
  "fields": {
    "action_time": "2018-03-19T11:47:40.492Z",
    "user": 1,
    "content_type": 23,
    "object_id": "20",
    "object_repr": "tuscanyfarmflorence.com",
    "action_flag": 1,
    "change_message": "[{\"added\": {}}]"
  }
}
]
